Book Id,Title,Author,Author l-f,Additional Authors,ISBN,ISBN13,My Rating,Publisher,Binding,Number of Pages,Year Published,Original Publication Year,Date Read,Date Added,Bookshelves,Bookshelves with positions,Exclusive Shelf,My Review,Spoiler,Private Notes,Read Count,Owned Copies
58782872,The Summer of Bitter and Sweet,Jen  Ferguson,"Ferguson, Jen",,"=""0063086166""","=""9780063086166""",0,Heartdrum,Hardcover,374,2022,2022,,2026/09/28,to-read,to-read (#603),to-read,,,,0,0
237615304,As I Dream of You: A Graphic Novel,Jennifer Lee,"Lee, Jennifer",LeUyen Pham,"=""1250862043""","=""9781250862044""",0,First Second,Paperback,352,2026,,,2026/09/28,to-read,to-read (#602),to-read,,,,0,0
242512660,An Infinite Love Story,Chanel Cleeton,"Cleeton, Chanel",,"=""0593816935""","=""9780593816936""",0,Berkley,Paperback,352,2026,2026,,2026/09/28,to-read,to-read (#601),to-read,,,,0,0
44222604,Taaqtumi: An Anthology of Arctic Horror Stories,Aviaq Johnston,"Johnston, Aviaq","Richard Van Camp, Rachel Qitsualik-Tinsley, Sean Qitsualik-Tinsley, Thomas Anguti Johnston, Repo Kempt, Jay Bulckaert, Gayle Kabloona, Cara Bryant, K.C Carthew","=""1772272140""","=""9781772272147""",0,Inhabit Media,Paperback,184,2019,2019,,2026/09/28,to-read,to-read (#600),to-read,,,,0,0
241169762,Bad Queer,Gayathiri Kamalakanthan,"Kamalakanthan, Gayathiri",,"=""0571390668""","=""9780571390663""",0,Faber & Faber Children’s,Paperback,432,2026,2026,,2026/09/28,to-read,to-read (#599),to-read,,,,0,0
237693307,The Celestial Seas,T.A.  Chan,"Chan, T.A.",,"=""0593693744""","=""9780593693742""",0,Viking Books for Young Readers,Hardcover,368,2026,2026,,2026/09/28,to-read,to-read (#598),to-read,,,,0,0
241674202,I Am Not a Vampire (Anymore),Darcy Miller,"Miller, Darcy",,"=""0593903161""","=""9780593903162""",0,Random House Books for Young Readers,Hardcover,352,2026,2026,,2026/09/28,to-read,to-read (#597),to-read,,,,0,0
221955020,"Immortal Consequences (The Souls of Blackwood Academy, #1)",I.V. Marie,"Marie, I.V.",,"=""059389880X""","=""9780593898802""",0,Delacorte Press,Hardcover,512,2025,2025,,2026/09/28,to-read,to-read (#596),to-read,,,,0,0
21,A Short History of Nearly Everything,Bill  Bryson,"Bryson, Bill",,"=""076790818X""","=""9780767908184""",4.0,Crown,Paperback,544,2004,2003,2026/09/27,2026/09/02,,,read,,,,1,0
29543122,Satellite,Nick Lake,"Lake, Nick",,"=""1524713538""","=""9781524713539""",0,Knopf Books for Young Readers,Hardcover,453,2017,2017,,2026/06/19,currently-reading,currently-reading (#2),currently-reading,,,,1,0
29904219,"Not Your Sidekick (Sidekick Squad, #1)",C.B. Lee,"Lee, C.B.",,"=""1945053038""","=""9781945053030""",4.0,Duet Books,Paperback,283,2016,2016,2026/09/15,2024/12/18,,,read,4.25,,,1,0
35018774,"Not Your Villain (Sidekick Squad, #2)",C.B. Lee,"Lee, C.B.",,"=""1945053259""","=""9781945053252""",0,"Duet Books, the YA imprint of Interlude Press",Paperback,307,2017,2017,,2026/09/15,to-read,to-read (#595),to-read,,,,0,0
240019892,Seconds to Spare,Rachel Reiss,"Reiss, Rachel",,"=""125036616X""","=""9781250366160""",5.0,Wednesday Books,Hardcover,320,2026,2026,2026/09/10,2026/09/04,,,read,4.75,,,1,0
48506393,"A Venom Dark and Sweet (The Book of Tea, #2)",Judy I. Lin,"Lin, Judy I.",,"=""""","=""""",0,Feiwel and Friends,Unknown Binding,352,2022,2022,,2025/10/26,"physical-tbr, to-read","physical-tbr (#13), to-read (#594)",to-read,,,,0,0
34930815,"Gone Rogue (Wires and Nerve, #2)",Marissa Meyer,"Meyer, Marissa","Stephen Gilpin, Douglas Holgate","=""1250078288""","=""9781250078285""",0,Feiwel & Friends,Hardcover,324,2018,2018,,2025/12/29,"graphic-novels, to-read","graphic-novels (#19), to-read (#593)",to-read,,,,0,0
52516231,"Stars Above (The Lunar Chronicles, #4.5)",Marissa Meyer,"Meyer, Marissa",,"=""1250774063""","=""9781250774064""",0,Square Fish,Paperback,369,2020,2016,,2025/12/29,to-read,to-read (#592),to-read,,,,0,0
219147513,"Espíritu (Cemetery Boys, #2)",Aiden Thomas,"Thomas, Aiden",,"=""1250894948""","=""9781250894946""",0,Feiwel & Friends,ebook,368,2026,2026,,2026/01/01,to-read,to-read (#591),to-read,,,,0,0
217420991,Out of Air,Rachel Reiss,"Reiss, Rachel",,"=""1250366143""","=""9781250366146""",0,Wednesday Books,Hardcover,304,2025,2025,,2026/09/06,to-read,to-read (#590),to-read,,,,0,0
44280883,All Boys Aren’t Blue,George M.   Johnson,"Johnson, George M.",,"=""0374312710""","=""9780374312718""",0,"Farrar, Straus and Giroux (BYR)",Hardcover,304,2020,2020,,2025/10/11,short-term-tbr,short-term-tbr (#5),short-term-tbr,,,,0,0
25756328,"Love & Gelato (Love & Gelato, #1)",Jenna Evans Welch,"Welch, Jenna Evans",,"=""1481432540""","=""9781481432542""",0,Simon Pulse,Hardcover,386,2016,2016,,2025/03/11,"physical-tbr, short-term-tbr","physical-tbr (#1), short-term-tbr (#4)",short-term-tbr,,,,0,0
55977956,Loveless,Alice Oseman,"Oseman, Alice",,"=""133875193X""","=""9781338751932""",0,Scholastic Press,Hardcover,432,2022,2020,,2024/12/18,"physical-tbr, prorities, series-to-continue, short-term-tbr","physical-tbr (#6), prorities (#4), series-to-continue (#14), short-term-tbr (#3)",short-term-tbr,,,,0,0
196774373,True Love and Other Impossible Odds,Christina  Li,"Li, Christina",,"=""006324604X""","=""9780063246041""",0,Quill Tree Books,Hardcover,400,2024,2024,,2024/12/18,"physical-tbr, prorities, short-term-tbr","physical-tbr (#2), prorities (#6), short-term-tbr (#2)",short-term-tbr,,,,0,0
207298440,"All Better Now (Crown Royale, #1)",Neal Shusterman,"Shusterman, Neal",,"=""1534432752""","=""9781534432758""",0,Simon & Schuster Books for Young Readers,Hardcover,528,2025,2025,,2025/04/10,"physical-tbr, prorities, short-term-tbr","physical-tbr (#5), prorities (#17), short-term-tbr (#1)",short-term-tbr,,,,0,0
52189092,"A Good Girl's Guide to Murder (A Good Girl's Guide to Murder, #1)",Holly  Jackson,"Jackson, Holly",,"=""""","=""""",0,Delacorte Press,ebook,400,2020,2019,,2025/01/17,"tik-tok-book, prorities, to-read, physical-tbr","tik-tok-book (#5), prorities (#8), to-read (#328), physical-tbr (#38)",to-read,,,,0,0
57390604,As Long as the Lemon Trees Grow,Zoulfa Katouh,"Katouh, Zoulfa",,"=""0316351377""","=""9780316351379""",0,"Little, Brown Books for Young Readers",Hardcover,417,2022,2022,,2026/05/03,"to-read, physical-tbr","to-read (#473), physical-tbr (#37)",to-read,,,,0,0
118028,The Left Hand of Darkness,Ursula K. Le Guin,"Guin, Ursula K. Le",,"=""0441478123""","=""9780441478125""",0,Ace,Paperback,366,2010,1969,,2026/03/06,currently-reading,currently-reading (#1),currently-reading,,,,1,0
237913284,If We Never End,Laura Taylor Namey,"Namey, Laura Taylor",,"=""154761806X""","=""9781547618064""",5.0,Bloomsbury YA,Kindle Edition,280,2026,2026,2026/08/31,2026/02/20,,,read,4.5,,,1,0
43352954,This Is How You Lose the Time War,Amal El-Mohtar,"El-Mohtar, Amal",Max Gladstone,"=""""","=""""",4.0,Saga Press,ebook,209,2019,2019,2026/08/21,2025/02/19,,,read,3.75,,,1,0
57911600,Hell Followed With Us,Andrew Joseph White,"White, Andrew Joseph",,"=""1682633241""","=""9781682633243""",4.0,Peachtree Teen,Hardcover,398,2022,2022,2026/08/28,2026/03/06,,,read,,,,1,0
3409731,The Feast,Margaret Kennedy,"Kennedy, Margaret",,"=""0718208110""","=""9780718208110""",0,Kaye & Ward,Hardcover,308,1969,1949,,2026/08/20,to-read,to-read (#589),to-read,,,,0,0
208512484,The Mythmakers: The Remarkable Fellowship of C.S. Lewis & J.R.R. Tolkien,John  Hendrix,"Hendrix, John",,"=""1419746340""","=""9781419746345""",0,Harry N. Abrams,Hardcover,218,2024,2024,,2026/08/20,to-read,to-read (#588),to-read,,,,0,0
60290667,"Nightbreaker (Nightbreaker, #1)",Coco Ma,"Ma, Coco",,"=""0593621468""","=""9780593621462""",4.0,Viking Books for Young Readers,Hardcover,448,2023,2023,2026/08/12,2025/02/10,,,read,,,,1,0
246856992,Absent,Rex Ogle,"Ogle, Rex",LJ Baptiste,"=""132412489X""","=""9781324124894""",0,Norton Young Readers,Hardcover,304,2026,,,2026/08/11,to-read,to-read (#587),to-read,,,,0,0
24128,The Merchant of Venice,William Shakespeare,"Shakespeare, William","Barbara A. Mowat, Paul Werstine, David Scott Kastan, Felix Emmanuel Schelling, محمد عناني, David Bevington, Robert          Jackson","=""0743477561""","=""9780743477567""",0,Simon & Schuster,Mass Market Paperback,249,2011,1596,,2025/11/29,"physical-tbr, to-read","physical-tbr (#33), to-read (#586)",to-read,,,,1,0
58782892,Café Con Lychee,Emery   Lee,"Lee, Emery",,"=""0063210274""","=""9780063210271""",4.0,Quill Tree Books,Hardcover,320,2022,2022,2026/08/09,2025/03/13,,,read,3.5,,,1,0
243124998,Invisible,Eloy Moreno,"Moreno, Eloy",,"=""1464240914""","=""9781464240911""",4.0,Sourcebooks Young Readers,Paperback,336,2026,2020,2026/08/07,2026/05/22,,,read,,,,1,0
24529123,This Is Where It Ends,Marieke Nijkamp,"Nijkamp, Marieke",,"=""149262246X""","=""9781492622468""",5.0,Sourcebooks Fire,Hardcover,288,2016,2016,2026/08/06,2026/08/05,,,read,,,,1,0
236226582,The Escape Game (Escape Room Murders),Marissa Meyer,"Meyer, Marissa",Tamara Moss,"=""""","=""9798217006120""",0,G.P. Putnam's Sons Books for Young Readers,Hardcover,403,2026,2026,,2026/08/06,to-read,to-read (#585),to-read,,,,0,0
222798687,I Was a Teenage Death God,M.J. Beasi,"Beasi, M.J.",,"=""""","=""9798890033840""",4.0,Page Street YA,Hardcover,368,2026,2026,2026/08/05,2026/06/19,,,read,,,,1,0
61439040,1984,George Orwell,"Orwell, George",Thomas Pynchon,"=""0452284236""","=""9780452284234""",3.0,Plume,Paperback,368,2022,1949,2026/08/03,2026/05/22,,,read,2.5,,,1,0
228749113,The Victors,Wren James,"James, Wren","Beth  Fuller, Lauren   James","=""1529515971""","=""9781529515978""",0,Walker Books,Paperback,240,2026,2026,,2026/07/27,to-read,to-read (#584),to-read,,,,0,0
235382889,Onward: 16 Climate Fiction Short Stories to Inspire Hope,Nora Shalaway Carpenter,"Carpenter, Nora Shalaway","Erin Entrada Kelly, Gloria Muñoz, Jeff zenter, Karina Iceberg, Padma Venkatraman, Aleese Lin, Anuradha D. Rajurkar, Xelena González, Aya de León, M. García Peña, Kim Johnson, Sarah Aronson, Heather Dean Brewer, Rin Chupeco","=""1623546532""","=""9781623546533""",0,Charlesbridge Teen,Hardcover,352,2026,2026,,2026/07/25,to-read,to-read (#583),to-read,,,,0,0
63040864,The Twenty-One: The True Story of the Youth Who Sued the US Government Over Climate Change,Elizabeth Rusch,"Rusch, Elizabeth",,"=""0063220857""","=""9780063220874""",0,Greenwillow Books,Kindle Edition,304,2023,2023,,2026/07/25,to-read,to-read (#582),to-read,,,,0,0
59342001,Elysian (Keeper of the Lost Cities #10),Shannon Messenger,"Messenger, Shannon",,"=""""","=""""",0,Aladdin,Hardcover,,2025,2027,,2026/07/25,to-read,to-read (#581),to-read,,,,0,0
238766989,Summer Official,Rebekah Weatherspoon,"Weatherspoon, Rebekah",,"=""0593465350""","=""9780593465356""",0,G.P. Putnam's Sons Books for Young Readers,Paperback,288,2026,2026,,2026/07/24,"to-read, candle, advanced-copies","to-read (#580), candle (#112), advanced-copies (#95)",to-read,,,,0,0
235656949,The Light Looks Like Me: Words on Love from Queer Youth,Shout Mouse Press Young Writers,"Writers, Shout Mouse Press Young",,"=""1950807835""","=""9781950807833""",0,"Shout Mouse Press, Inc.",Paperback,192,2025,,,2026/07/24,"to-read, candle, advanced-copies","to-read (#579), candle (#111), advanced-copies (#94)",to-read,,,,0,0
248244988,"Blightfall (Riftwake, #1)",Brandon Sanderson,"Sanderson, Brandon",Janci Patterson,"=""0593707060""","=""9780593707067""",0,Delacorte Press,Library Binding,496,2026,2026,,2026/06/05,"to-read, candle","to-read (#532), candle (#110)",to-read,,,,0,0
247691899,Formula He’s the One,Andie J. Christopher,"Christopher, Andie J.",,"=""006348708X""","=""9780063487086""",0,Avon a,Paperback,240,2026,,,2026/06/05,"to-read, candle","to-read (#531), candle (#109)",to-read,,,,0,0
241381495,Heartbreak and Other Organ Failures: A Novel,Taylor Hobbs,"Hobbs, Taylor",,"=""1324124830""","=""9781324124832""",0,Norton Young Readers,Hardcover,304,2026,2026,,2026/06/05,"to-read, candle","to-read (#530), candle (#108)",to-read,,,,0,0
243596343,Find My Way Down to You,Julian Winters,"Winters, Julian",,"=""0593624459""","=""9780593624456""",0,Viking Books for Young Readers,Paperback,384,2026,2026,,2026/06/05,"to-read, candle","to-read (#529), candle (#107)",to-read,,,,0,0
245646124,Anger Is Only a Shadow,Elizabeth Acevedo,"Acevedo, Elizabeth",,"=""0062882791""","=""9780062882790""",0,Quill Tree Books,Hardcover,336,2026,2026,,2026/06/05,"to-read, candle","to-read (#528), candle (#106)",to-read,,,,0,0
222438787,Salt Water Blood,Manuia Heinrich,"Heinrich, Manuia",,"=""1665986077""","=""9781665986076""",0,Sarah Barley Books,Hardcover,368,2026,2026,,2026/06/05,"to-read, candle","to-read (#527), candle (#105)",to-read,,,,0,0
223421681,Where We Go at Night,Ikwo Ntekim,"Ntekim, Ikwo",,"=""1335453857""","=""9781335453853""",0,HarperCollins US,Hardcover,400,2026,,,2026/06/05,"to-read, candle","to-read (#525), candle (#103)",to-read,,,,0,0
223930350,Slow Burn,Trinity  Nguyen,"Nguyen, Trinity",,"=""1250410169""","=""9781250410160""",0,Henry Holt and Co. BYR,Paperback,240,2026,,,2026/06/05,"to-read, candle","to-read (#524), candle (#102)",to-read,,,,0,0
244710768,Winterveil,Ava Reid,"Reid, Ava",,"=""0008827990""","=""9780008827991""",0,Electric Monkey,Kindle Edition,480,2026,2026,,2026/06/05,"to-read, candle","to-read (#526), candle (#104)",to-read,,,,0,0
239922405,All the Queens’ Curses,Alyssa Hollingsworth,"Hollingsworth, Alyssa",,"=""""","=""9798890034861""",0,Page Street YA,Hardcover,384,2026,2026,,2026/06/05,"to-read, candle","to-read (#522), candle (#100)",to-read,,,,0,0
249085991,The Peacock Throne,Zeba Shahnaz,"Shahnaz, Zeba",,"=""0593806492""","=""9780593806494""",0,Delacorte Press,Hardcover,480,2026,2026,,2026/06/05,"to-read, candle","to-read (#521), candle (#99)",to-read,,,,0,0
244712756,Darker Water,Emma  Read,"Read, Emma",,"=""0571390528""","=""9780571390526""",0,Faber & Faber Children’s,Paperback,368,2026,2026,,2026/06/05,"to-read, candle","to-read (#523), candle (#101)",to-read,,,,0,0
250727466,We Were Supposed to Find This,Emily Snyder,"Snyder, Emily",,"=""1250440734""","=""9781250440730""",0,Wednesday Books,Hardcover,400,2027,,,2026/06/05,"to-read, candle","to-read (#520), candle (#98)",to-read,,,,0,0
22613479,Frankenstein (The Original 1818 'Uncensored' Edition),Mary Wollstonecraft Shelley,"Shelley, Mary Wollstonecraft",,"=""""","=""""",0,e-artnow,Kindle Edition,138,2013,1818,,2026/03/11,"to-read, candle","to-read (#460), candle (#95)",to-read,,,,0,0
245423933,"If We Survive the Night (The Dead Weight, #1)",Jo Salazar,"Salazar, Jo",,"=""1464299293""","=""9781464299292""",0,Sourcebooks Fire,Paperback,352,2026,,,2026/05/31,"to-read, advanced-copies, candle","to-read (#489), advanced-copies (#91), candle (#96)",to-read,,,,0,0
248283982,When the World Was Happy,Benjamin Alire Sáenz,"Sáenz, Benjamin Alire",,"=""""","=""9798347104079""",0,Simon & Schuster Books for Young Readers,Kindle Edition,416,2026,,,2026/05/31,"to-read, advanced-copies, candle","to-read (#493), advanced-copies (#92), candle (#97)",to-read,,,,0,0
156714412,I Could Give You the Moon,Ann Liang,"Liang, Ann",,"=""""","=""""",0,HarperTeen,,384,2026,2026,,2025/11/04,"to-read, candle","to-read (#346), candle (#91)",to-read,,,,0,0
222168124,The Sun and the Starmaker,Rachel  Griffin,"Griffin, Rachel",,"=""1728256186""","=""9781728256184""",0,Sourcebooks Fire,Hardcover,426,2026,2026,,2026/01/18,"to-read, candle","to-read (#423), candle (#94)",to-read,,,,0,0
238142723,"To Deal with Kings (Thieves & Kings, #2)",M.K. Lobb,"Lobb, M.K.",,"=""0316575518""","=""9780316575515""",0,"Little, Brown Books for Young Readers",Hardcover,432,2026,2026,,2025/11/12,"to-read, candle","to-read (#356), candle (#92)",to-read,,,,0,0
235992253,Devious Prey,Scott Reintgen,"Reintgen, Scott",,"=""1665978937""","=""9781665978934""",0,Margaret K. McElderry Books,Hardcover,304,2026,2026,,2026/01/18,"to-read, candle","to-read (#421), candle (#93)",to-read,,,,0,0
222631695,"A Fate So Cold (A Fate So Cold, #1)",Amanda Foody,"Foody, Amanda",C.L. Herman,"=""1250873150""","=""9781250873156""",0,Tor Teen,Hardcover,432,2025,2025,,2025/09/09,"advanced-copies, to-read, tbc-2026, candle","advanced-copies (#86), to-read (#332), tbc-2026 (#6), candle (#90)",to-read,,,,0,0
220908957,The Leaving Room,Amber McBride,"McBride, Amber",,"=""1250908086""","=""9781250908087""",0,Feiwel & Friends,Hardcover,224,2025,2025,,2025/09/09,"advanced-copies, to-read, candle","advanced-copies (#83), to-read (#345), candle (#88)",to-read,,,,0,0
224082674,Right Where We Belong,Farrah Penn,"Penn, Farrah",,"=""0593528336""","=""9780593528334""",0,Viking Books for Young Readers,Hardcover,432,2025,,,2025/09/09,"advanced-copies, to-read, candle","advanced-copies (#85), to-read (#331), candle (#89)",to-read,,,,0,0
222376655,"Break Wide the Sea (Break Wide the Sea, #1)",Sara  Holland,"Holland, Sara",,"=""1250854490""","=""9781250854490""",0,Wednesday Books,Hardcover,324,2025,2025,,2025/08/30,"advanced-copies, to-read, candle","advanced-copies (#80), to-read (#340), candle (#85)",to-read,,,,0,0
223927240,And the River Drags Her Down,Jihyun Yun,"Yun, Jihyun",,"=""0593904877""","=""9780593904879""",0,Knopf Books for Young Readers,Hardcover,400,2025,2025,,2025/09/09,"advanced-copies, to-read, candle","advanced-copies (#84), to-read (#333), candle (#87)",to-read,,,,0,0
235991978,Just Friends,Haley Pham,"Pham, Haley",,"=""1668095181""","=""9781668095188""",0,Atria Books,Paperback,317,2026,2026,,2025/09/03,"to-read, candle","to-read (#304), candle (#86)",to-read,,,,0,0
222376752,Witchlore,Emma Hinds,"Hinds, Emma",,"=""1250369495""","=""9781250369499""",0,Wednesday Books,Hardcover,352,2025,2025,,2025/08/26,"advanced-copies, to-read, candle","advanced-copies (#79), to-read (#339), candle (#84)",to-read,,,,0,0
223854551,Most Valuable Player,A.M. Woody,"Woody, A.M.",Amanda Woody,"=""0593695429""","=""9780593695425""",0,Viking Books for Young Readers,Paperback,320,2025,2025,,2025/06/18,"advanced-copies, to-read, candle","advanced-copies (#76), to-read (#261), candle (#82)",to-read,,,,0,0
227948522,Seven All Alone,Kirsty McKay,"McKay, Kirsty",,"=""1728268486""","=""9781728268484""",0,Sourcebooks Fire,Paperback,328,2025,2025,,2025/08/26,"advanced-copies, to-read, candle","advanced-copies (#78), to-read (#338), candle (#83)",to-read,,,,0,0
35702241,"The Shadows Between Us (The Stathos Sisters, #1)",Tricia Levenseller,"Levenseller, Tricia",,"=""1250189969""","=""9781250189967""",0,Feiwel and Friends,Hardcover,326,2020,2020,,2025/06/18,"to-read, tik-tok-book, advanced-copies, candle","to-read (#259), tik-tok-book (#16), advanced-copies (#73), candle (#79)",to-read,,,,0,0
223665351,We're Not Safe Here,Rin Chupeco,"Chupeco, Rin",,"=""1728255945""","=""9781728255941""",0,Sourcebooks Fire,Paperback,352,2025,2025,,2025/06/18,"to-read, advanced-copies, candle","to-read (#260), advanced-copies (#74), candle (#80)",to-read,,,,0,0
226747457,A Time Traveler's History of Tomorrow,Kendall Kulper,"Kulper, Kendall",,"=""0823458296""","=""9780823458295""",0,Holiday House,Hardcover,352,2025,2025,,2025/06/18,"advanced-copies, to-read, candle","advanced-copies (#75), to-read (#337), candle (#81)",to-read,,,,0,0
219334852,The Unexpected Consequence of Bleeding on a Tuesday,Kelsey B. Toney,"Toney, Kelsey B.",,"=""0593811518""","=""9780593811511""",0,Random House Books for Young Readers,Hardcover,304,2025,2025,,2025/06/16,"to-read, candle","to-read (#255), candle (#76)",to-read,,,,0,0
222685787,Reasons to Hate Me,Susan Metallo,"Metallo, Susan",,"=""1536240354""","=""9781536240351""",0,Candlewick,Hardcover,400,2025,2025,,2025/06/16,"to-read, advanced-copies, candle","to-read (#254), advanced-copies (#70), candle (#75)",to-read,,,,0,0
231127010,Flirting with Murder,Amanda Sellet,"Sellet, Amanda",,"=""125036017X""","=""9781250360175""",0,Wednesday Books,Hardcover,336,2026,2026,,2025/06/18,"advanced-copies, to-read, candle","advanced-copies (#71), to-read (#257), candle (#77)",to-read,,,,0,0
232794553,"Sibylline (Sibylline, #1)",Melissa de la Cruz,"Cruz, Melissa de la",,"=""""","=""9798217002610""",0,G.P. Putnam's Sons Books for Young Readers,Hardcover,304,2026,2026,,2025/06/18,"to-read, advanced-copies, candle","to-read (#258), advanced-copies (#72), candle (#78)",to-read,,,,0,0
216594918,Murder Land,Carlyn Greenwald,"Greenwald, Carlyn",,"=""1464226547""","=""9781464226540""",0,Sourcebooks Fire,Paperback,331,2025,2025,,2025/06/02,"to-read, advanced-copies, candle","to-read (#246), advanced-copies (#69), candle (#74)",to-read,,,,0,0
215963793,My Fair Monster,Adrienne  Rivera,"Rivera, Adrienne",,"=""""","=""9798890032935""",0,Page Street YA,Hardcover,384,2025,2025,,2025/06/01,"advanced-copies, to-read, candle","advanced-copies (#67), to-read (#244), candle (#72)",to-read,,,,0,0
220160100,Always Be My Bibi,Priyanka Taslim,"Taslim, Priyanka",,"=""1665901136""","=""9781665901130""",0,Salaam Reads / Simon & Schuster Books for Young Readers,Hardcover,368,2025,2025,,2025/06/01,"advanced-copies, to-read, candle","advanced-copies (#66), to-read (#243), candle (#71)",to-read,,,,0,0
222376515,Final Cut,Olivia Worley,"Worley, Olivia",,"=""1250392985""","=""9781250392985""",0,Wednesday Books,Hardcover,352,2025,2025,,2025/06/01,"advanced-copies, to-read, candle","advanced-copies (#68), to-read (#245), candle (#73)",to-read,,,,0,0
60500540,"With Love, Miss Americanah",Jane Igharo,"Igharo, Jane",,"=""1250873371""","=""9781250873378""",0,Feiwel and Friends,Hardcover,320,2024,2024,,2025/06/01,"advanced-copies, to-read, candle","advanced-copies (#63), to-read (#241), candle (#68)",to-read,,,,0,0
199534684,Tempest: A Young Adult Southern Gothic Fantasy of Elemental Magic in New Orleans,K. Ibura,"Ibura, K.",,"=""0063081032""","=""9780063081031""",0,Quill Tree Books,Hardcover,304,2025,2025,,2025/06/01,"advanced-copies, to-read, candle","advanced-copies (#65), to-read (#242), candle (#70)",to-read,,,,0,0
222376621,My Roommate from Hell,Cale Dietrich,"Dietrich, Cale",,"=""1250887801""","=""9781250887801""",0,Wednesday Books,Paperback,352,2025,2025,,2025/06/01,"advanced-copies, to-read, candle","advanced-copies (#64), to-read (#336), candle (#69)",to-read,,,,0,0
213657192,The Rebel Girls of Rome: A Sydney Taylor Honor Book for Young Adults – A Dual-Timeline Historical Mystery of Holocaust Survival and Identity,Jordyn Taylor,"Taylor, Jordyn",,"=""0063340313""","=""9780063340312""",0,HarperCollins,Kindle Edition,316,2025,2025,,2025/06/01,"advanced-copies, to-read, candle","advanced-copies (#59), to-read (#237), candle (#64)",to-read,,,,0,0
222818695,Donut Summer,Anita Kelly,"Kelly, Anita",,"=""1335012893""","=""9781335012890""",0,Quill Tree Books,Hardcover,368,2025,2025,,2025/06/01,"advanced-copies, to-read, candle","advanced-copies (#61), to-read (#239), candle (#66)",to-read,,,,0,0
223296138,Love and Video Games,Zachary Sergi,"Sergi, Zachary",,"=""0762489030""","=""9780762489039""",0,Running Press Kids,Hardcover,288,2025,2025,,2025/06/01,"advanced-copies, to-read, candle","advanced-copies (#62), to-read (#240), candle (#67)",to-read,,,,0,0
226747133,The Fangirl Project,Beth Reekles,"Reekles, Beth",,"=""""","=""9798217031498""",0,Delacorte Romance,Paperback,368,2025,2025,,2025/06/01,"advanced-copies, to-read, candle","advanced-copies (#60), to-read (#238), candle (#65)",to-read,,,,0,0
217420633,Wish You Were Her,Elle McNicoll,"McNicoll, Elle",,"=""1250335582""","=""9781250335586""",0,Wednesday Books,Paperback,352,2025,2025,,2025/06/01,"advanced-copies, to-read, candle","advanced-copies (#57), to-read (#235), candle (#62)",to-read,,,,0,0
219209767,"Bound by Stars (Boundless, #1)",E.L. Starling,"Starling, E.L.",,"=""1649378408""","=""9781649378408""",0,Entangled: Teen,Paperback,400,2025,2025,,2025/06/01,"advanced-copies, to-read, candle","advanced-copies (#56), to-read (#234), candle (#61)",to-read,,,,0,0
221254230,The Yomigaeri Tunnel,Kelly Murashige,"Murashige, Kelly",,"=""1641297034""","=""9781641297035""",0,Soho Teen,Hardcover,272,2025,2025,,2025/06/01,"advanced-copies, to-read, candle","advanced-copies (#58), to-read (#236), candle (#63)",to-read,,,,0,0
222376680,Try Your Worst,Chatham Greenfield,"Greenfield, Chatham",,"=""1547613939""","=""9781547613939""",0,Bloomsbury YA,Hardcover,320,2025,,,2025/06/01,"advanced-copies, to-read, candle","advanced-copies (#55), to-read (#233), candle (#60)",to-read,,,,0,0
217111176,This Is How We Roll,Rosiee Thor,"Thor, Rosiee","Akemi Dawn Bowman, DeAndra Davis, M.K. England, Jonny Garza Villa, Anna Meriano, Linsey Miller, Margaret  Owen, Marieke Nijkamp, Jamie Pacton, Rebecca Podos, Tara Sim, Andrew Joseph White","=""""","=""9798890033086""",0,Page Street YA,Hardcover,320,2025,2025,,2025/06/01,"advanced-copies, to-read, candle","advanced-copies (#54), to-read (#232), candle (#59)",to-read,,,,0,0
221481827,Show,Shane Peacock,"Peacock, Shane",,"=""1770867961""","=""9781770867963""",0,DCB Young Readers,Paperback,276,2025,,,2025/06/01,"advanced-copies, to-read, candle","advanced-copies (#52), to-read (#230), candle (#57)",to-read,,,,0,0
222658364,The Golden Boy's Guide to Bipolar,Sonora Reyes,"Reyes, Sonora",Sonido Reyes,"=""0063358409""","=""9780063358409""",0,Versify,Hardcover,384,2025,2025,,2025/06/01,"advanced-copies, to-read, candle","advanced-copies (#53), to-read (#231), candle (#58)",to-read,,,,0,0
227955912,The Story of My Anger,Jasminne Mendez,"Mendez, Jasminne",,"=""0593531876""","=""9780593531877""",0,Dial Books,Hardcover,336,2025,2025,,2025/06/01,"advanced-copies, to-read, candle","advanced-copies (#51), to-read (#229), candle (#56)",to-read,,,,0,0
217388075,Finding Prince Charming,Jamar J. Perry,"Perry, Jamar J.",,"=""1547612819""","=""9781547612819""",0,Bloomsbury YA,Hardcover,272,2025,2025,,2025/06/01,"advanced-copies, to-read, candle","advanced-copies (#48), to-read (#225), candle (#52)",to-read,,,,0,0
219850906,My Perfect Family,Khadijah VanBrakle,"VanBrakle, Khadijah",,"=""082345486X""","=""9780823454860""",0,Holiday House,Hardcover,256,2025,2025,,2025/06/01,"advanced-copies, to-read, candle","advanced-copies (#49), to-read (#226), candle (#53)",to-read,,,,0,0
222476098,Secrets of the Blue Hand Girls,Rowana Miller,"Miller, Rowana",,"=""1464227209""","=""9781464227202""",0,Sourcebooks Fire,Paperback,368,2025,2025,,2025/06/01,"to-read, advanced-copies, tbc-2026, candle","to-read (#227), advanced-copies (#77), tbc-2026 (#9), candle (#54)",to-read,,,,0,0
233081033,"Privilege (Peaceful Society, #1)",Megan Wobus,"Wobus, Megan",,"=""""","=""9798999267610""",0,Peaceful Society Press,Kindle Edition,298,2025,,,2025/06/01,"advanced-copies, to-read, candle","advanced-copies (#50), to-read (#228), candle (#55)",to-read,,,,0,0
222658357,"The Others (The Unfinished, #2)",Cheryl  Isaacs,"Isaacs, Cheryl",,"=""0063287447""","=""9780063287440""",0,Heartdrum,Hardcover,336,2025,,,2025/06/01,"advanced-copies, to-read, candle","advanced-copies (#47), to-read (#224), candle (#51)",to-read,,,,0,0
223363666,No Charm Done,Tori Anne Martin,"Martin, Tori Anne",,"=""0823460355""","=""9780823460359""",0,Holiday House,Hardcover,384,2025,2025,,2025/06/01,"advanced-copies, to-read, candle","advanced-copies (#45), to-read (#222), candle (#49)",to-read,,,,0,0
223830518,K-Jane: A Moving and Funny Korean American YA Novel About Heritage and Viral Social Media,Lydia Kang,"Kang, Lydia",,"=""0063354624""","=""9780063354623""",0,Quill Tree Books,Hardcover,336,2025,2025,,2025/06/01,"advanced-copies, to-read, candle","advanced-copies (#44), to-read (#221), candle (#48)",to-read,,,,0,0
224048140,Wavelength,Cale Plett,"Plett, Cale",,"=""1779460295""","=""9781779460295""",0,Groundwood Books,Paperback,408,2025,,,2025/06/01,"advanced-copies, to-read, candle","advanced-copies (#46), to-read (#223), candle (#50)",to-read,,,,0,0
58484045,How We Play the Game,Alexis Nedd,"Nedd, Alexis",,"=""1547605057""","=""9781547605057""",0,Bloomsbury YA,Hardcover,304,2025,2025,,2025/06/01,"advanced-copies, to-read, candle","advanced-copies (#42), to-read (#342), candle (#45)",to-read,,,,0,0
223854904,"Everything She Does Is Magic (Fableview, #1)",Bridget Morrissey,"Morrissey, Bridget",,"=""0593898435""","=""9780593898437""",0,Delacorte Romance,Paperback,288,2025,2025,,2025/06/01,"to-read, candle","to-read (#247), candle (#47)",to-read,,,,1,0
223854544,The Dysfunctional Family's Guide to Murder,Kate Emery,"Emery, Kate",,"=""""","=""9798217030170""",0,Knopf Books for Young Readers,Library Binding,304,2025,2024,,2025/06/01,"advanced-copies, to-read, candle","advanced-copies (#43), to-read (#343), candle (#46)",to-read,,,,0,0
222376995,Lemons and Lies,Alexis Castellanos,"Castellanos, Alexis",,"=""1547614080""","=""9781547614080""",0,Bloomsbury YA,Paperback,288,2025,,,2025/06/01,"advanced-copies, to-read, candle","advanced-copies (#41), to-read (#220), candle (#44)",to-read,,,,0,0
223854750,Extraordinary Quests for Amateur Witches,Kayla Cottingham,"Cottingham, Kayla",,"=""0593814010""","=""9780593814017""",0,Delacorte Press,Hardcover,416,2025,2025,,2025/06/01,"to-read, advanced-copies, candle","to-read (#218), advanced-copies (#39), candle (#42)",to-read,,,,0,0
223854867,Keep Your Friends Close,Cynthia Murphy,"Murphy, Cynthia",,"=""059380578X""","=""9780593805787""",0,Delacorte Press,Paperback,384,2025,2025,,2025/06/01,"advanced-copies, to-read, candle","advanced-copies (#38), to-read (#217), candle (#41)",to-read,,,,0,0
223296088,You've Goth My Heart,Lev A.C. Rosen,"Rosen, Lev A.C.",,"=""0316575550""","=""9780316575553""",0,"Little, Brown Books for Young Readers",Hardcover,384,2025,,,2025/06/01,"advanced-copies, to-read, candle","advanced-copies (#40), to-read (#219), candle (#43)",to-read,,,,0,0
227786697,Worst-Case Scenario,Ray Stoeve,"Stoeve, Ray",,"=""1419764993""","=""9781419764998""",0,Harry N. Abrams,Hardcover,304,2026,2026,,2025/06/01,"advanced-copies, to-read, candle","advanced-copies (#37), to-read (#216), candle (#40)",to-read,,,,0,0
223363604,The Changeover,Margaret Mahy,"Mahy, Margaret",,"=""1536247073""","=""9781536247077""",0,Walker Books US,Paperback,224,2025,1984,,2025/06/01,"advanced-copies, to-read, candle","advanced-copies (#35), to-read (#214), candle (#38)",to-read,,,,0,0
221473780,Two Weeks to Fall in Love,Kat Featherly,"Featherly, Kat",,"=""1998854825""","=""9781998854820""",0,Wattpad Books,Paperback,360,2025,,,2025/06/01,"advanced-copies, to-read, candle","advanced-copies (#34), to-read (#213), candle (#37)",to-read,,,,0,0
234943626,The Spiral Key,Kelsey Day,"Day, Kelsey",,"=""""","=""9798217038947""",0,Viking Books for Young Readers,Hardcover,272,2026,2026,,2025/06/01,"advanced-copies, to-read, candle","advanced-copies (#36), to-read (#215), candle (#39)",to-read,,,,0,0
228125650,The Cuffing Game,Lyla Lee,"Lee, Lyla",,"=""0063330415""","=""9780063330412""",0,HarperCollins,Hardcover,368,2025,2025,,2025/06/01,"advanced-copies, to-read, candle","advanced-copies (#30), to-read (#334), candle (#33)",to-read,,,,0,0
220909002,There's Always Next Year,Leah  Johnson,"Johnson, Leah",George M.   Johnson,"=""0374391696""","=""9780374391690""",0,"Farrar, Straus and Giroux (BYR)",Hardcover,320,2025,2025,,2025/06/01,"advanced-copies, to-read, candle","advanced-copies (#33), to-read (#341), candle (#36)",to-read,,,,0,0
217247994,Vesuvius,Cass Biehn,"Biehn, Cass",,"=""1682637328""","=""9781682637326""",0,Peachtree Teen,Hardcover,384,2025,2025,,2025/06/01,"advanced-copies, to-read, candle","advanced-copies (#31), to-read (#211), candle (#34)",to-read,,,,0,0
218695862,Solo Stan,Talia Tucker,"Tucker, Talia",,"=""0593624785""","=""9780593624784""",0,Kokila,Hardcover,224,2025,2025,,2025/06/01,"advanced-copies, to-read, candle","advanced-copies (#32), to-read (#212), candle (#35)",to-read,,,,0,0
217896236,In Case You Read This,Edward  Underhill,"Underhill, Edward",,"=""0063373777""","=""9780063373778""",0,Quill Tree Books,Hardcover,368,2025,2025,,2025/05/04,"to-read, advanced-copies, candle","to-read (#192), advanced-copies (#25), candle (#30)",to-read,,,,0,0
217182009,Run Like a Girl,Amaka Egbe,"Egbe, Amaka",,"=""1335009930""","=""9781335009937""",0,HarperCollins,Hardcover,384,2025,2025,,2025/05/04,"to-read, advanced-copies, candle","to-read (#191), advanced-copies (#23), candle (#29)",to-read,,,,0,0
219848317,Pretty Girl County,Lakita Wilson,"Wilson, Lakita",,"=""0593525647""","=""9780593525647""",0,Viking Books for Young Readers,Hardcover,320,2025,,,2025/06/01,"advanced-copies, to-read, candle","advanced-copies (#29), to-read (#210), candle (#32)",to-read,,,,0,0
220161267,Call Your Boyfriend,Olivia A. Cole,"Cole, Olivia A.",Ashley Woodfolk,"=""1665967145""","=""9781665967143""",0,Simon & Schuster Books for Young Readers,Hardcover,336,2025,2025,,2025/06/01,"advanced-copies, to-read, candle","advanced-copies (#28), to-read (#209), candle (#31)",to-read,,,,0,0
218587798,I’ll Pretend You’re Mine,Tashie Bhuiyan,"Bhuiyan, Tashie",,"=""133501392X""","=""9781335013927""",0,HarperCollins US,Hardcover,352,2025,2025,,2025/05/04,"to-read, advanced-copies, candle","to-read (#187), advanced-copies (#24), candle (#27)",to-read,,,,0,0
218587800,The Romance Rivalry,Susan  Lee,"Lee, Susan",,"=""1335012877""","=""9781335012876""",0,HarperCollins US,Paperback,368,2025,2025,,2025/05/04,"to-read, advanced-copies, candle","to-read (#190), advanced-copies (#27), candle (#28)",to-read,,,,0,0
220908987,I've Got My Love to Keep Me Warm,Mariama J. Lockington,"Lockington, Mariama J.",,"=""0374388903""","=""9780374388904""",0,"Farrar, Straus and Giroux (BYR)",Hardcover,352,2025,2025,,2025/03/11,"to-read, advanced-copies, candle","to-read (#140), advanced-copies (#2), candle (#26)",to-read,,,,0,0
181254401,Nav's Foolproof Guide to Falling in Love,Jessica   Lewis,"Lewis, Jessica",,"=""""","=""""",0,Harlequin ,Unknown Binding,384,2025,2025,,2025/03/11,"to-read, advanced-copies, candle","to-read (#139), advanced-copies (#16), candle (#25)",to-read,,,,0,0
218372269,Love in Focus,Lyla Lee,"Lee, Lyla",,"=""1538767554""","=""9781538767559""",0,Forever,Paperback,320,2025,2025,,2025/02/25,"to-read, advanced-copies, prorities, candle","to-read (#101), advanced-copies (#14), prorities (#11), candle (#23)",to-read,,,,0,0
218372468,"Kiss Me, Maybe (Librarians in Love, #2)",Gabriella  Gamez,"Gamez, Gabriella",,"=""1538726653""","=""9781538726655""",0,Forever,Paperback,374,2025,2025,,2025/02/25,"to-read, advanced-copies, candle","to-read (#102), advanced-copies (#15), candle (#24)",to-read,,,,0,0
222505859,Everything About You,Robby Weber,"Weber, Robby",,"=""1335008977""","=""9781335008978""",0,Storytide,Hardcover,378,2025,2025,,2025/02/25,"to-read, advanced-copies, candle","to-read (#94), advanced-copies (#4), candle (#20)",to-read,,,,0,0
218266465,"Amelia, If Only",Becky Albertalli,"Albertalli, Becky",,"=""0063045923""","=""9780063045927""",0,HarperCollins,Hardcover,304,2025,2025,,2025/02/25,"to-read, advanced-copies, prorities, candle","to-read (#100), advanced-copies (#12), prorities (#10), candle (#22)",to-read,,,,0,0
223664548,Augmented,Kenechi Udogu,"Udogu, Kenechi",,"=""0571385842""","=""9780571385843""",0,Faber & Faber Children’s,Paperback,400,2025,,,2025/02/25,"to-read, candle","to-read (#97), candle (#21)",to-read,,,,0,0
222376765,Rules for Fake Girlfriends,Raegan Revord,"Revord, Raegan",,"=""1250356342""","=""9781250356345""",0,Wednesday Books,Hardcover,304,2025,2025,,2025/02/25,"to-read, advanced-copies, candle","to-read (#90), advanced-copies (#5), candle (#16)",to-read,,,,0,0
213719511,How to Survive a Horror Movie,Scarlett Dunmore,"Dunmore, Scarlett",,"=""1788957121""","=""9781788957120""",0, Little Tiger Press Group,Paperback,352,2024,,,2025/02/25,"to-read, advanced-copies, candle","to-read (#91), advanced-copies (#22), candle (#17)",to-read,,,,0,0
221604733,Run Away With Me,J.L. Simmonds,"Simmonds, J.L.",,"=""1250402204""","=""9781250402202""",0,Henry Holt and Co. (BYR),Hardcover,352,2025,2025,,2025/02/25,"to-read, advanced-copies, candle","to-read (#92), advanced-copies (#13), candle (#18)",to-read,,,,0,0
226743789,Deadly Ever After,Brittany    Johnson,"Johnson, Brittany",,"=""0593859537""","=""9780593859537""",0,G.P. Putnam's Sons Books for Young Readers,Hardcover,288,2025,2025,,2025/02/25,"advanced-copies, to-read, candle","advanced-copies (#1), to-read (#344), candle (#19)",to-read,,,,0,0
221754281,Deep Water,Maren Stoffels,"Stoffels, Maren",,"=""0593900553""","=""9780593900550""",0,Delacorte Press,Paperback,240,2025,,,2025/02/25,"to-read, advanced-copies, candle","to-read (#88), advanced-copies (#7), candle (#14)",to-read,,,,0,0
221473855,Marisol Acts the Part,Elle Gonzalez Rose,"Rose, Elle Gonzalez",,"=""0593900537""","=""9780593900536""",0,Joy Revolution,Kindle Edition,320,2025,2025,,2025/02/25,"to-read, advanced-copies, candle","to-read (#87), advanced-copies (#8), candle (#13)",to-read,,,,0,0
221714631,Leaving the Station,Jake Maia Arlow,"Arlow, Jake Maia",,"=""0063078775""","=""9780063078772""",0,Storytide,Hardcover,304,2025,2025,,2025/02/25,"to-read, advanced-copies, candle","to-read (#89), advanced-copies (#6), candle (#15)",to-read,,,,0,0
220999058,Very Dangerous Things,Lauren Muñoz,"Muñoz, Lauren",,"=""0593857895""","=""9780593857892""",0,G.P. Putnam's Sons Books for Young Readers,Hardcover,352,2025,2025,,2025/02/25,"to-read, advanced-copies, candle","to-read (#84), advanced-copies (#10), candle (#10)",to-read,,,,0,0
217387679,The L.O.V.E. Club,Lio Min,"Min, Lio",,"=""1250359821""","=""9781250359827""",0,Flatiron Books,Hardcover,368,2025,2025,,2025/02/25,"to-read, advanced-copies, candle","to-read (#85), advanced-copies (#9), candle (#11)",to-read,,,,0,0
219303536,Lou with the Band,Alexandra Leigh Young,"Young, Alexandra Leigh",,"=""1536230111""","=""9781536230116""",0,Walker Books US,Hardcover,320,2025,2025,,2025/02/25,"to-read, advanced-copies, candle","to-read (#86), advanced-copies (#3), candle (#12)",to-read,,,,0,0
209594872,Fable for the End of the World,Ava Reid,"Reid, Ava",,"=""0063211556""","=""9780063211551""",0,HarperCollins,Hardcover,384,2025,2025,,2025/02/02,"to-read, advanced-copies, prorities, candle","to-read (#59), advanced-copies (#17), prorities (#9), candle (#7)",to-read,,,,0,0
217388220,Codebreaker,Jay  Martel,"Martel, Jay",,"=""1250355540""","=""9781250355546""",0,Wednesday Books,Paperback,372,2025,2025,,2025/02/25,"to-read, advanced-copies, candle","to-read (#83), advanced-copies (#11), candle (#9)",to-read,,,,0,0
218153897,Summer Girls,Jennifer Dugan,"Dugan, Jennifer",,"=""0593696891""","=""9780593696897""",0,G.P. Putnam's Sons Books for Young Readers,Hardcover,320,2025,2025,,2025/02/02,"to-read, advanced-copies, candle","to-read (#61), advanced-copies (#26), candle (#8)",to-read,,,,0,0
218896604,The Underwood Tapes,Amanda DeWitt,"DeWitt, Amanda",,"=""1682637646""","=""9781682637647""",0,Peachtree Teen,Kindle Edition,323,2025,2025,,2024/12/18,"to-read, advanced-copies, candle","to-read (#44), advanced-copies (#18), candle (#5)",to-read,,,,0,0
61374793,I Am Not Jessica Chen,Ann Liang,"Liang, Ann",,"=""133552312X""","=""9781335523129""",0,HarperTeen,Hardcover,320,2025,2025,,2024/12/18,"to-read, advanced-copies, candle","to-read (#43), advanced-copies (#19), candle (#4)",to-read,,,,0,0
199531882,Flopping in a Winter Wonderland,Jason June,"June, Jason",,"=""0063260085""","=""9780063260085""",0,HarperCollins,Hardcover,368,2024,2024,,2024/12/18,"to-read, advanced-copies, candle","to-read (#39), advanced-copies (#21), candle (#3)",to-read,,,,0,0
200229810,If You Can Hear This,Faith Gardner,"Gardner, Faith",,"=""0063347105""","=""9780063347106""",0,HarperCollins,Hardcover,368,2024,2024,,2024/12/18,"to-read, advanced-copies, candle","to-read (#45), advanced-copies (#20), candle (#6)",to-read,,,,0,0
27883214,"Caraval (Caraval, #1)",Stephanie Garber,"Garber, Stephanie",,"=""1250095255""","=""9781250095251""",0,Flatiron Books,Hardcover,407,2017,2016,,2024/12/18,"to-read, tik-tok-book, candle","to-read (#37), tik-tok-book (#13), candle (#2)",to-read,,,,0,0
74882249,Stars Collide,Rachel Lacey,"Lacey, Rachel",,"=""166250912X""","=""9781662509124""",0,Montlake,Kindle Edition,313,2023,2023,,2024/12/18,"to-read, candle","to-read (#31), candle (#1)",to-read,,,,0,0
58932356,Green Eyes and Ham,Mary Penney,"Penney, Mary",,"=""0062696939""","=""9780062696939""",0,HarperCollins,Hardcover,448,2022,2022,,2026/07/24,to-read,to-read (#578),to-read,,,,0,0
198530941,One Killer Problem,Justine Pucella Winans,"Winans, Justine Pucella",,"=""0063324482""","=""9780063324480""",4.0,HarperCollins,Hardcover,336,2024,2024,2026/07/20,2025/04/18,,,read,,,,1,0
75513900,"Powerless (The Powerless Trilogy, #1)",Lauren  Roberts,"Roberts, Lauren",,"=""""","=""""",3.0,,Kindle Edition,526,2023,2023,2025/02/12,2024/12/18,,,read,,,,1,0
32929156,Wuthering Heights,Emily Brontë,"Brontë, Emily","Pauline Nestor, Lucasta Miller","=""0141439556""","=""9780141439556""",4.0,Penguin Classics,Paperback,359,2016,1847,2026/02/08,2026/01/14,,,read,,,,1,0
200033957,"Drop, Cover, and Hold On",Jasmine Guillory,"Guillory, Jasmine",,"=""1662519834""","=""9781662519833""",3.0,Amazon Original Stories,Kindle Edition,39,2024,2024,2025/03/30,2025/03/13,,,read,,,,1,0
210563235,Mallory and the Trouble with Twins: A Graphic Novel (The Baby-Sitters Club Graphic Novels #17),Arley Nopra,"Nopra, Arley",Ann M. Martin,"=""1338835637""","=""9781338835632""",3.0,Graphix,Hardcover,176,2025,2025,2025/03/22,2025/03/07,,,read,,,,1,0
60877625,Seven Percent of Ro Devereux,Ellen O'Clover,"O'Clover, Ellen",,"=""0063255030""","=""9780063255036""",5.0,HarperTeen,Hardcover,320,2023,2023,2025/07/19,2025/02/02,,,read,,,,1,0
101141137,Pride and Prejudice and Pittsburgh,Rachael Lippincott,"Lippincott, Rachael",,"=""166593753X""","=""9781665937535""",4.0,Simon & Schuster Books for Young Readers,Hardcover,336,2023,2023,2025/12/04,2025/06/01,,,read,4.25,,,1,0
240019784,Every Exquisite Thing,Laura   Steven,"Steven, Laura",,"=""1250346797""","=""9781250346797""",4.0,Wednesday Books,Paperback,384,2026,2023,2026/05/30,2026/05/27,,,read,4.5,,,1,0
198123459,"The Only Light Left Burning (All That's Left in the World, #2)",Erik J. Brown,"Brown, Erik J.",,"=""0063338297""","=""9780063338296""",4.0,Storytide,Kindle Edition,415,2024,2024,2025/07/03,2025/04/27,,,read,,,,1,0
60316952,In the Shallows,Tanya Byrne,"Byrne, Tanya",,"=""125086559X""","=""9781250865595""",4.0,Godwin Books,Hardcover,384,2024,2024,2026/06/15,2026/03/06,,,read,4.5,,,1,0
42369064,"The Tea Dragon Festival (Tea Dragon, #2)",K. O'Neill,"O'Neill, K.",,"=""1620106558""","=""9781620106556""",3.0,Oni Press,Hardcover,135,2019,2019,2025/05/14,2025/05/14,,,read,,,,1,0
195261044,Us,Sara Soler,"Soler, Sara","Joamette Gil, Silvia Perea Labayen","=""""","=""""",4.0,Dark Horse Books,Kindle Edition,144,2023,2021,2025/01/29,2024/12/18,,,read,,,,1,0
198493806,This Book Won't Burn,Samira Ahmed,"Ahmed, Samira",,"=""0316547840""","=""9780316547840""",4.0,"Little, Brown Books for Young Readers",Hardcover,384,2024,2024,2025/10/11,2025/04/22,,,read,,,,1,0
222377142,A Little Too Haunted,Justine Pucella Winans,"Winans, Justine Pucella",,"=""1547616342""","=""9781547616343""",4.0,Bloomsbury Children's Books,Hardcover,272,2025,2025,2025/09/16,2025/09/09,,,read,"Justine slayed again. They’re a rising star in the queer paranormal genre (an amazing genre that should be used more) and even tho this is middle grade, they didn’t disappoint! Highly recommend to fans of Justine’s books, young and older.",,,1,0
58437734,Isla to Island,Alexis Castellanos,"Castellanos, Alexis",,"=""1534469249""","=""9781534469242""",4.0,Atheneum Books for Young Readers,Hardcover,192,2022,2022,2025/05/30,2025/05/28,,,read,,,,1,0
51037654,Girls Save the World in This One,Ash Parsons,"Parsons, Ash",,"=""0525515321""","=""9780525515326""",4.0,Philomel Books,Hardcover,432,2020,2020,2025/05/24,2025/02/25,,,read,,,,1,0
216351846,Snowglobe (The Snowglobe Duology #1),Soyoung Park,"Park, Soyoung",Joungmin Lee Comfort,"=""0593485009""","=""9780593485002""",3.0,Delacorte Press,Paperback,384,2025,2020,2025/12/21,2025/03/29,,,read,,,,1,0
58640333,Midnight Horizon (Star Wars: The High Republic),Daniel José Older,"Older, Daniel José",,"=""1368060676""","=""9781368060677""",3.0,Random House/Star Wars,Hardcover,490,2022,2022,2025/04/06,2024/12/18,,,read,3.5,,,1,0
62949648,"The Naturals (The Naturals, #1)",Jennifer Lynn Barnes,"Barnes, Jennifer Lynn",,"=""0316540625""","=""9780316540629""",4.0,"Little, Brown Books for Young Readers",Paperback,311,2023,2013,2026/04/04,2024/12/18,,,read,,,,1,0
226744015,Heartsick,Kristina Forest,"Forest, Kristina",,"=""0593407288""","=""9780593407288""",3.0,Kokila,Paperback,272,2025,,2025/11/05,2025/02/25,,,read,,,,1,0
56917155,"Demon Slayer: Kimetsu no Yaiba, Vol. 20: The Path of Opening a Steadfast Heart",Koyoharu Gotouge,"Gotouge, Koyoharu",,"=""1974725480""","=""9781974725489""",3.0, VIZ Media: SHONEN JUMP,Kindle Edition,192,2021,2020,2025/08/27,2025/08/26,,,read,,,,1,0
58739572,Wash Day Diaries,Jamila Rowser,"Rowser, Jamila","Robyn Smith, Bex Glendining, Kazimir Lee","=""1797205455""","=""9781797205458""",3.0,Chronicle Books,Paperback,192,2022,2022,2025/05/14,2025/03/08,,,read,,,,1,0
122994480,"Spy x Family, Vol. 9",Tatsuya Endo,"Endo, Tatsuya",,"=""1974738132""","=""9781974738137""",3.0,VIZ Media: SHONEN JUMP,Kindle Edition,212,2023,2022,2025/10/05,2025/10/05,,,read,,,,1,0
60099660,If You Could See the Sun,Ann Liang,"Liang, Ann",,"=""1335915842""","=""9781335915849""",4.0,Inkyard Press,Hardcover,346,2022,2022,2026/06/01,2024/12/18,,,read,,,,1,0
60784115,"Transistor (Hearts of Heroes, #2)",Molly J. Bragg,"Bragg, Molly J.",,"=""""","=""""",4.0,Desert Palm Press,Kindle Edition,336,2022,2022,2025/02/09,2024/12/18,,,read,,,,1,0
241095731,Medicine Wheels,Byron Graves,"Graves, Byron",,"=""0063160420""","=""9780063160422""",3.0,Heartdrum,Hardcover,352,2026,2026,2026/05/16,2026/02/25,,,read,3.25,,,1,0
56969398,Piece by Piece: The Story of Nisrin's Hijab: A Graphic Novel,Priya Huq,"Huq, Priya",,"=""1419740164""","=""9781419740169""",4.0,Abrams Fanfare,Hardcover,224,2021,2021,2025/03/28,2025/03/28,,,read,,,,1,0
221770615,"Jessi Ramsey, Pet-sitter: A Graphic Novel (The Baby-Sitters Club Graphic Novels #18)",Ellen T. Crenshaw,"Crenshaw, Ellen T.",Ann M. Martin,"=""1338835653""","=""9781338835656""",3.0,Graphix,Paperback,144,2025,2025,2025/10/25,2025/03/30,,,read,,,,1,0
220291549,"Spy x Family, Vol. 14",Tatsuya Endo,"Endo, Tatsuya",,"=""1974757463""","=""9781974757466""",4.0,SHONEN JUMP,Kindle Edition,197,2025,2024,2025/11/29,2025/11/29,,,read,,,,1,0
35959740,Circe,Madeline Miller,"Miller, Madeline",,"=""0316556343""","=""9780316556347""",4.0,"Little, Brown and Company",Hardcover,393,2018,2018,2025/10/17,2025/04/22,,,read,,,,1,0
198137962,Breathe: Journeys to Healthy Binding,Maia Kobabe,"Kobabe, Maia",Sarah Peitzmeier,"=""0593855825""","=""9780593855829""",3.0,Dutton Books for Young Readers,Paperback,64,2024,2024,2025/01/19,2025/01/19,,,read,,,,1,0
60316963,The Lost Year,Katherine Marsh,"Marsh, Katherine",,"=""1250313600""","=""9781250313607""",4.0,Roaring Brook Press,Hardcover,368,2023,2023,2025/11/18,2024/12/18,,,read,,,,1,0
60588160,"Penguin & House, Vol. 1",Akiho Ieda,"Ieda, Akiho",,"=""1646513460""","=""9781646513468""",3.0,Kodansha Comics,Paperback,176,2022,2022,2025/09/01,2025/06/28,,,read,,,,1,0
212643715,Ex Marks the Spot,Gloria Chao,"Chao, Gloria",,"=""0593692713""","=""9780593692714""",4.0,Viking Books for Young Readers,Paperback,384,2024,2024,2026/02/14,2024/12/18,,,read,contains old man yaoi ehehehe,true,,1,0
75305007,The Only Girl in Town,Ally Condie,"Condie, Ally",,"=""0593327179""","=""9780593327173""",4.0,Dutton Books for Young Readers,Hardcover,336,2023,2023,2025/05/02,2025/03/28,,,read,"If you don’t have mental health issues, read this with an open mind. you might not like it because you won’t understand it. if you do, this book feels familiar in a terrible way but it’s so beautiful. read if you are in the process of healing or mostly healed. do not read while your mental health is bad",,,1,0
209695897,Courtesy of Cupid,Nashae Jones,"Jones, Nashae",,"=""1665939893""","=""9781665939898""",4.0,Aladdin,Paperback,288,2025,,2025/02/14,2025/02/01,,,read,,,,1,0
25111261,"My Hero Academia, Vol. 2",Kohei Horikoshi,"Horikoshi, Kohei",Caleb D. Cook,"=""1421582708""","=""9781421582702""",3.0,VIZ Media LLC,Paperback,207,2015,2015,2025/08/25,2025/07/02,,,read,,,,1,0
62919111,"Misfit Mansion (Misfit Mansion, #1)",Kay Davault,"Davault, Kay",,"=""1665903082""","=""9781665903080""",4.0,Atheneum Books for Young Readers,Hardcover,304,2023,2023,2025/05/23,2025/03/22,,,read,,,,1,0
48842190,"Scarlet (The Lunar Chronicles, #2)",Marissa Meyer,"Meyer, Marissa",,"=""1250768896""","=""9781250768896""",4.0,Square Fish,Paperback,454,2020,2013,2026/03/10,2025/11/12,,,read,,,,1,0
123136728,Orbital,Samantha Harvey,"Harvey, Samantha",,"=""0802161545""","=""9780802161543""",4.0,Atlantic Monthly Press,Hardcover,224,2023,2023,2026/05/26,2026/04/28,,,read,,,,1,0
40025175,Watch Us Rise,Renée  Watson,"Watson, Renée",Ellen Hagan,"=""154760008X""","=""9781547600083""",4.0,Bloomsbury YA,Hardcover,368,2019,2019,2025/01/06,2024/12/18,,,read,4.25,,,1,0
51323376,"The Tea Dragon Tapestry (Tea Dragon, #3)",K. O'Neill,"O'Neill, K.",,"=""1620107740""","=""9781620107744""",4.0,Oni Press,Hardcover,135,2021,2021,2025/06/08,2025/06/08,,,read,,,,1,0
57679013,"Royal Blood (Royal Blood, #1)",Aimee Carter,"Carter, Aimee",,"=""0593485912""","=""9780593485910""",4.0,Delacorte Press,Kindle Edition,364,2023,2023,2025/12/17,2024/12/18,,,read,,,,1,0
61284032,You Are Here: Connecting Flights,Ellen Oh,"Oh, Ellen",,"=""0063239086""","=""9780063239081""",3.0,Allida,Hardcover,272,2023,2023,2025/06/02,2025/03/11,,,read,3.5,,,1,0
17234658,"A Thousand Pieces of You (Firebird, #1)",Claudia Gray,"Gray, Claudia",,"=""0062278967""","=""9780062278968""",4.0,Harper Teen,Hardcover,368,2014,2014,2026/06/06,2024/12/18,,,read,4.5,,,1,0
58116541,"Demon Slayer: Kimetsu no Yaiba, Vol. 22: The Wheel of Fate",Koyoharu Gotouge,"Gotouge, Koyoharu",,"=""1974728110""","=""9781974728114""",3.0,VIZ Media: SHONEN JUMP,Kindle Edition,192,2021,2020,2025/10/09,2025/10/09,,,read,,,,1,0
60017794,"The Cool Code (The Cool Code, 1)",Deirdre Langeland,"Langeland, Deirdre",Sarah Mai,"=""0358549310""","=""9780358549314""",3.0,Clarion Books,Paperback,224,2022,2022,2026/03/15,2026/03/15,,,read,,,,1,0
45032489,"Lost Stars, Vol. 3",Yusaku Komiyama,"Komiyama, Yusaku",Claudia Gray,"=""1975358678""","=""9781975358679""",3.0,Yen Press,Paperback,200,2019,2019,2025/11/08,2025/11/08,,,read,,,,1,0
42951672,"Lost Stars, Vol. 2",Claudia Gray,"Gray, Claudia",Yuusaka Komiyama,"=""1975327543""","=""9781975327545""",3.0,Yen Press,Paperback,192,2019,2019,2025/11/08,2025/11/08,,,read,,,,1,0
58437812,She Gets the Girl,Rachael Lippincott,"Lippincott, Rachael",Alyson Derrick,"=""1534493794""","=""9781534493797""",4.0,Simon & Schuster Books for Young Readers,Hardcover,384,2022,2022,2025/08/25,2025/02/25,,,read,,,,1,0
59112905,Win Lose Kill Die,Cynthia Murphy,"Murphy, Cynthia",,"=""0702304948""","=""9780702304941""",4.0, Scholastic ,Paperback,308,2022,2022,2025/10/05,2025/02/01,,,read,what the plot twist?<br/><br/>i guessed another i really need to stop doing that,,,1,0
63360212,The Midnight Game,Cynthia Murphy,"Murphy, Cynthia",,"=""0702318531""","=""9780702318535""",4.0,Scholastic,Paperback,354,2023,2023,2025/02/09,2025/02/01,,,read,,,,1,0
57529474,"Demon Slayer: Kimetsu no Yaiba, Vol. 21: Ancient Memories (Kimetsu no Yaiba, #21)",Koyoharu Gotouge,"Gotouge, Koyoharu",,"=""1974726681""","=""9781974726684""",3.0,VIZ Media,Kindle Edition,192,2021,2020,2025/09/19,2025/08/31,,,read,,,,1,0
54456763,Sunkissed,Kasie West,"West, Kasie",,"=""059317626X""","=""9780593176269""",4.0,Delacorte Press,Hardcover,305,2021,2021,2025/07/24,2025/04/22,,,read,,,,1,0
55710525,Take Me Home Tonight,Morgan Matson,"Matson, Morgan",,"=""1481498983""","=""9781481498982""",3.0,Simon Schuster Books for Young Readers,Hardcover,416,2021,2021,2025/03/14,2024/12/18,,,read,3.5,,,1,0
61190452,Project Nought: A Graphic Novel,Chelsey Furedi,"Furedi, Chelsey",,"=""0358381681""","=""9780358381686""",4.0,Clarion Books,Hardcover,332,2023,2022,2025/05/15,2024/12/18,,,read,4.25,,,1,0
220908971,I'll Find You Where the Timeline Ends,Kylie Lee Baker,"Baker, Kylie Lee",,"=""1250381983""","=""9781250381989""",4.0,Feiwel & Friends,Hardcover,304,2025,2025,2026/01/03,2025/08/26,,,read,4.5,,,1,0
200982327,Rani Choudhury Must Die,Adiba Jaigirdar,"Jaigirdar, Adiba",,"=""1250842085""","=""9781250842084""",4.0,Feiwel & Friends,Hardcover,320,2024,2024,2025/10/28,2024/12/18,,,read,3.75,,,1,0
215149189,We Could Be Magic,Marissa Meyer,"Meyer, Marissa",Joelle Murray,"=""1250379393""","=""9781250379399""",4.0,Feiwel & Friends,Paperback,256,2025,2025,2025/07/16,2025/03/13,,,read,so wholesome!,,,1,0
58617052,"Demon Slayer: Kimetsu no Yaiba, Vol. 23: Life Shining Across The Years",Koyoharu Gotouge,"Gotouge, Koyoharu",,"=""1974729184""","=""9781974729180""",4.0,VIZ Media: SHONEN JUMP,Kindle Edition,232,2021,2020,2025/10/25,2025/10/25,,,read,,,,1,0
29236380,Girl in Pieces,Kathleen Glasgow,"Glasgow, Kathleen",,"=""1101934719""","=""9781101934715""",3.0,Delacorte Press,Hardcover,416,2016,2016,2025/02/02,2025/02/02,,,read,3.5,,,1,0
235699057,The Oks Are Not OK,Grace K. Shim,"Shim, Grace K.",,"=""""","=""9798217001842""",4.0,Kokila,Hardcover,352,2026,2026,2026/01/24,2026/01/18,,,read,,,,1,0
218460259,Under the Neon Lights,Arriel Vinson,"Vinson, Arriel",,"=""059385859X""","=""9780593858592""",3.0,G.P. Putnam's Sons Books for Young Readers,Hardcover,384,2025,2025,2025/04/01,2025/03/30,,,read,3.5,,,1,0
203840597,"Powerful (The Powerless Trilogy, #1.5)",Lauren  Roberts,"Roberts, Lauren",,"=""""","=""""",3.0,Simon & Schuster Children's UK,Kindle Edition,272,2024,2024,2025/03/10,2025/03/10,,,read,,,,1,0
18468897,"Attack on Titan, Vol. 1",Hajime Isayama,"Isayama, Hajime",,"=""1612626157""","=""9781612626154""",3.0,Kodansha Comics,Kindle Edition,203,2013,2010,2025/10/13,2025/06/21,,,read,,,,1,0
40809293,Star Wars: Lost Stars (Star Wars Manga),Claudia Gray,"Gray, Claudia",,"=""1787730476""","=""9781787730472""",3.0,Titan,Kindle Edition,0,2018,2018,2025/11/08,2025/11/08,,,read,,,,1,0
220687866,Love at Full Tilt,Jenny L. Howe,"Howe, Jenny L.",,"=""0593809106""","=""9780593809105""",4.0,Delacorte Romance,Paperback,384,2025,2025,2025/03/16,2025/02/25,,,read,,,,1,0
52439531,"The Inheritance Games (The Inheritance Games, #1)",Jennifer Lynn Barnes,"Barnes, Jennifer Lynn",,"=""1368052401""","=""9781368052405""",4.0,"Little, Brown Books for Young Readers",Hardcover,386,2020,2020,2026/05/29,2024/12/18,,,read,4.5,,,1,0
224137235,"Spy x Family, Vol. 15",Tatsuya Endo,"Endo, Tatsuya",,"=""197476060X""","=""9781974760602""",4.0,VIZ Media,Kindle Edition,216,2025,2025,2026/02/19,2025/12/29,,,read,,,,1,0
60273642,"Scatter (Hearts of Heroes, #1)",Molly J. Bragg,"Bragg, Molly J.",,"=""""","=""""",4.0,Desert Palm Press,Kindle Edition,339,2022,2022,2025/01/14,2024/12/18,,,read,,,,1,0
52339313,"Cemetery Boys (Cemetery Boys, #1)",Aiden Thomas,"Thomas, Aiden",,"=""1250250463""","=""9781250250469""",4.0,Swoon Reads,Hardcover,344,2020,2020,2026/01/14,2024/12/18,,,read,,,,1,0
222139758,"Take Up Space, Y'all: Your Bold & Bright Guide to Self-Love",Tess Holliday,"Holliday, Tess",Kelly Coon,"=""0762489154""","=""9780762489152""",2.0,Running Press Kids,Paperback,176,2025,,2025/06/17,2025/06/01,,,read,\,,,1,0
29772863,"Wires and Nerve (Wires and Nerve, #1)",Marissa Meyer,"Meyer, Marissa","Douglas Holgate, Stephen Gilpin","=""1250078261""","=""9781250078261""",4.0,Feiwel & Friends,Hardcover,238,2017,2017,2026/07/17,2025/12/29,,,read,,,,1,0
48842192,"Winter (The Lunar Chronicles, #4)",Marissa Meyer,"Meyer, Marissa",,"=""1250768926""","=""9781250768926""",5.0,Square Fish,Paperback,823,2020,2015,2026/07/16,2025/12/29,,,read,,,,1,0
54493401,Project Hail Mary,Andy Weir,"Weir, Andy",,"=""0593135202""","=""9780593135204""",5.0,Ballantine Books,Hardcover,476,2021,2021,2026/04/26,2025/12/21,,,read,This book is an emotional roller coaster graphed with the equation <br/>y = 999999999999999999sin(360x)<br/><br/><br/>legit my only problem with this book is how in the movie Grace never wears one of those “I am Kenough” shirts because I love crossovers ,,,1,0
15195,The Complete Maus,Art Spiegelman,"Spiegelman, Art",,"=""0141014083""","=""9780141014081""",0,Penguin Books,Paperback,296,2003,1992,,2026/07/14,to-read,to-read (#577),to-read,,,,0,0
60316964,In Limbo: A Graphic Memoir,Deb J.J. Lee,"Lee, Deb J.J.",,"=""1250252652""","=""9781250252654""",0,First Second,Hardcover,348,2023,2023,,2026/07/14,to-read,to-read (#576),to-read,,,,0,0
203166772,Compound Fracture,Andrew Joseph White,"White, Andrew Joseph",,"=""1682636127""","=""9781682636121""",5.0,Peachtree Teen,Hardcover,370,2024,2024,2026/07/06,2026/02/16,,,read,"anything this guy writes, i read",,,1,0
20488729,The Taming of the Shrew [with Biographical Introduction],William Shakespeare,"Shakespeare, William",,"=""1596251077""","=""9781596251076""",3.0,Digireads.com,Kindle Edition,106,2004,1593,2026/07/02,2025/11/29,,,read,3.5,,,1,0
242977956,Queerleaders,Olivia A. Cole,"Cole, Olivia A.",Ashley Woodfolk,"=""166596734X""","=""9781665967341""",4.0,Simon & Schuster Books for Young Readers,Hardcover,325,2026,2026,2026/06/29,2026/06/19,,,read,,,,1,0
514313,Bringing Down the House: The Inside Story of Six M.I.T. Students Who Took Vegas for Millions,Ben Mezrich,"Mezrich, Ben",,"=""0743225708""","=""9780743225700""",0,Free Press,Hardcover,272,2002,2002,,2026/06/27,to-read,to-read (#575),to-read,,,,0,0
42771754,"Supernova (Renegades, #3)",Marissa Meyer,"Meyer, Marissa",,"=""1250078385""","=""9781250078384""",5.0,Feiwel & Friends,Hardcover,622,2019,2019,2026/06/24,2025/12/29,,,read,the ending!!!,,,1,0
489732,The Picture of Dorian Gray,Oscar Wilde,"Wilde, Oscar",Robert Mighall,"=""0141439572""","=""9780141439570""",4.0,Penguin Classics,Paperback,253,2003,1890,2025/08/01,2025/06/01,,,read,summer reading,,,1,0
75593713,To Infinity and Beyond: A Journey of Cosmic Discovery,Neil deGrasse Tyson,"Tyson, Neil deGrasse",Lindsey Nyx Walker,"=""1426223307""","=""9781426223303""",0,National Geographic,Hardcover,319,2023,2023,,2026/06/21,to-read,to-read (#574),to-read,,,,0,0
209566762,"Merlin's Tour of the Universe: A Traveler's Guide to Blue Moons and Black Holes, Mars, Stars, and Everything Far",Neil deGrasse Tyson,"Tyson, Neil deGrasse",,"=""1665019859""","=""9781665019859""",0,"Blackstone Publishing, Inc.",Hardcover,304,2024,1989,,2026/06/21,to-read,to-read (#573),to-read,,,,0,0
20663771,Origins: Fourteen Billion Years of Cosmic Evolution,Neil deGrasse Tyson,"Tyson, Neil deGrasse",Donald Goldsmith,"=""0393350398""","=""9780393350395""",0,W. W. Norton & Company,Paperback,352,2014,2004,,2026/06/21,to-read,to-read (#572),to-read,,,,0,0
246898797,Take Me to Your Leader: Perspectives on Your First Alien Encounter,Neil deGrasse Tyson,"Tyson, Neil deGrasse",,"=""1668249979""","=""9781668249970""",0,Simon Six,Hardcover,240,2026,2026,,2026/06/21,to-read,to-read (#571),to-read,,,,0,0
61389548,Dear Medusa (A Novel in Verse),Olivia A. Cole,"Cole, Olivia A.",,"=""0593485734""","=""9780593485736""",0,Labyrinth Road,Hardcover,384,2023,2023,,2026/06/20,to-read,to-read (#570),to-read,,,,0,0
240481369,The League of Dangerous Young Ladies (Deluxe Edition): A Thrilling YA Fantasy Adventure,J.A. Morgenstein,"Morgenstein, J.A.",,"=""1464238545""","=""9781464238543""",0,Stonefruit Studio,Hardcover,368,2026,2026,,2026/02/25,did-not-finish,did-not-finish (#5),did-not-finish,,,,1,0
57789637,"Daughter of the Moon Goddess (The Celestial Kingdom, #1)",Sue Lynn Tan,"Tan, Sue Lynn",Kuri Huang,"=""0063031302""","=""9780063031302""",0,Harper Voyager,Hardcover,503,2022,2022,,2026/06/20,to-read,to-read (#569),to-read,,,,0,0
42815556,"Spin the Dawn (The Blood of Stars, #1)",Elizabeth Lim,"Lim, Elizabeth",,"=""""","=""""",0,Alfred A. Knopf,Hardcover,392,2019,2019,,2026/06/20,to-read,to-read (#568),to-read,,,,0,0
53457092,"Six Crimson Cranes (Six Crimson Cranes, #1)",Elizabeth Lim,"Lim, Elizabeth",,"=""0593300939""","=""9780593300930""",0,Knopf,ebook,454,2021,2021,,2026/06/20,to-read,to-read (#567),to-read,,,,0,0
43097161,Nowhere on Earth,Nick Lake,"Lake, Nick",,"=""1444940457""","=""9781444940459""",0,Hodder Children's Books,Paperback,340,2019,2019,,2026/06/19,to-read,to-read (#566),to-read,,,,0,0
222156791,The Deep Well: A Grimdark YA Horror Novel About an Urban Legend Survivor and Her Hidden Power,Laura Creedle,"Creedle, Laura",,"=""0063359138""","=""9780063359130""",5.0,Quill Tree Books,Hardcover,400,2025,,2026/06/18,2026/02/20,,,read,"this book gave me trypophobia, but in a good way",,,1,0
71490642,Rez Ball,Byron Graves,"Graves, Byron",,"=""0063160374""","=""9780063160378""",0,Heartdrum,Hardcover,368,2023,2023,,2026/06/16,to-read,to-read (#565),to-read,,,,0,0
227386340,"The Dead of Summer (The Dead of Summer, #1)",Ryan La Sala,"Sala, Ryan La",,"=""1546125876""","=""9781546125877""",0,PUSH,Hardcover,388,2025,2025,,2026/02/25,"to-read, physical-tbr","to-read (#456), physical-tbr (#36)",to-read,,,,0,0
218006857,Kill Creatures,Rory Power,"Power, Rory",,"=""0702341649""","=""9780702341649""",0,Scholastic,Kindle Edition,281,2025,2025,,2025/09/21,"to-read, advanced-copies, physical-tbr","to-read (#307), advanced-copies (#93), physical-tbr (#35)",to-read,,,,0,0
217927445,You Started It,Jackie Khalilieh,"Khalilieh, Jackie",,"=""1774884755""","=""9781774884751""",0,Tundra Books,Hardcover,336,2025,2025,,2025/09/21,did-not-finish,did-not-finish (#4),did-not-finish,,,,1,0
52516230,"Fairest (The Lunar Chronicles, #3.5)",Marissa Meyer,"Meyer, Marissa",,"=""1250774055""","=""9781250774057""",5.0,Square Fish,Paperback,222,2020,2015,2026/06/15,2025/12/29,,,read,,,,1,0
242978418,The Last Best Quest Ever,F.T. Lukens,"Lukens, F.T.",,"=""1665950978""","=""9781665950978""",0,Margaret K. McElderry Books,Hardcover,320,2026,2026,,2026/06/14,to-read,to-read (#564),to-read,,,,0,0
214151404,Love at Second Sight,F.T. Lukens,"Lukens, F.T.",,"=""1665950943""","=""9781665950947""",0,Margaret K. McElderry Books,Hardcover,368,2025,2025,,2026/06/14,to-read,to-read (#563),to-read,,,,0,0
61273131,Spell Bound,F.T. Lukens,"Lukens, F.T.",,"=""1665916222""","=""9781665916226""",0,Margaret K. McElderry Books,Hardcover,336,2023,2023,,2026/06/14,to-read,to-read (#562),to-read,,,,0,0
55545191,So This Is Ever After,F.T. Lukens,"Lukens, F.T.",,"=""""","=""""",0,Margaret K. McElderry Books,Kindle Edition,352,2022,2022,,2026/06/14,to-read,to-read (#561),to-read,,,,0,0
213344066,Where Shadows Bloom,Catherine Bakewell,"Bakewell, Catherine",,"=""0063359081""","=""9780063359086""",0,HarperCollins,Hardcover,432,2025,2025,,2026/06/14,to-read,to-read (#560),to-read,,,,0,0
222835501,Rebel Hearts,Tanya Byrne,"Byrne, Tanya",,"=""1444972235""","=""9781444972238""",0,Hodder Children's Books,Kindle Edition,338,2025,,,2026/06/14,to-read,to-read (#559),to-read,,,,0,0
48842191,"Cress (The Lunar Chronicles, #3)",Marissa Meyer,"Meyer, Marissa",,"=""125076890X""","=""9781250768902""",5.0,Square Fish,Paperback,550,2020,2014,2026/06/14,2025/12/29,,,read,,,,1,0
220487230,You're No Better,Andrew Joseph White,"White, Andrew Joseph",,"=""1682638227""","=""9781682638224""",0,Peachtree Teen,Hardcover,384,2026,2026,,2026/06/13,to-read,to-read (#558),to-read,,,,0,0
17250,The Crucible,Arthur Miller,"Miller, Arthur",Christopher W.E. Bigsby,"=""0142437336""","=""9780142437339""",0,Penguin Books,Paperback,143,2003,1953,,2026/06/11,to-read,to-read (#557),to-read,,,,0,0
31180257,"Arlo Finch in the Valley of Fire (Arlo Finch, #1)",John August,"August, John",,"=""1626728143""","=""9781626728141""",0,Roaring Brook Press,Hardcover,336,2018,2018,,2026/06/10,to-read,to-read (#556),to-read,,,,0,0
60372447,Iveliz Explains It All,Andrea Beatriz Arango,"Arango, Andrea Beatriz",Alyssa Bermudez,"=""0593563980""","=""9780593563984""",0,Random House Books for Young Readers,Library Binding,272,2022,2022,,2026/06/10,to-read,to-read (#555),to-read,,,,0,0
42201962,The Deep,Rivers Solomon,"Solomon, Rivers","Daveed Diggs, William Hutson, Jonathan Snipes","=""1534439862""","=""9781534439863""",0,S&S/Saga Press,Hardcover,166,2019,2019,,2026/06/10,to-read,to-read (#554),to-read,,,,0,0
207294165,Bridge Across the Sky,Freeman Ng,"Ng, Freeman",,"=""1665948590""","=""9781665948593""",0,Atheneum Books for Young Readers,Hardcover,368,2024,2024,,2026/06/10,to-read,to-read (#553),to-read,,,,0,0
48656848,Afterlove,Tanya Byrne,"Byrne, Tanya",,"=""1444955950""","=""9781444955958""",0,Hodder Children's Books,Paperback,389,2021,2021,,2026/06/10,to-read,to-read (#552),to-read,,,,0,0
61319750,Flowerheart,Catherine Bakewell,"Bakewell, Catherine",,"=""0063214598""","=""9780063214590""",0,HarperTeen,Hardcover,352,2023,2023,,2026/06/10,to-read,to-read (#551),to-read,,,,0,0
218671839,"Strange Houses (Strange Houses, #1)",Uketsu,"Uketsu, Uketsu",Jim Rion,"=""006343315X""","=""9780063433151""",0,HarperVia,Paperback,203,2025,2021,,2026/06/10,to-read,to-read (#550),to-read,,,,0,0
231127349,Hell's Heart,Alexis  Hall,"Hall, Alexis",,"=""1250394953""","=""9781250394958""",0,Tor Books,Hardcover,453,2026,2026,,2026/06/10,to-read,to-read (#549),to-read,,,,0,0
201114,Sold,Patricia McCormick,"McCormick, Patricia",,"=""0786851716""","=""9780786851713""",0,"Little, Brown Books for Young Readers",Hardcover,268,2006,2006,,2026/06/10,to-read,to-read (#548),to-read,,,,0,0
55077652,The Past Is Red,Catherynne M. Valente,"Valente, Catherynne M.",,"=""1250301130""","=""9781250301130""",0,Tordotcom,Hardcover,151,2021,2021,,2026/06/10,to-read,to-read (#547),to-read,,,,0,0
45448133,The Seep,Chana Porter,"Porter, Chana",,"=""1641290862""","=""9781641290869""",0,Soho Press,Hardcover,203,2020,2020,,2026/06/10,to-read,to-read (#546),to-read,,,,0,0
56179360,Light from Uncommon Stars,Ryka Aoki,"Aoki, Ryka",,"=""1250789060""","=""9781250789068""",0,Tor Books,Hardcover,384,2021,2021,,2026/06/10,to-read,to-read (#545),to-read,,,,0,0
61312273,The Merry Dredgers,Jeremy C. Shipp,"Shipp, Jeremy C.",,"=""1946154466""","=""9781946154460""",0,Meerkat Press,Paperback,200,2023,2023,,2026/06/10,to-read,to-read (#544),to-read,,,,0,0
224004474,Herculine,Grace Byron,"Byron, Grace",,"=""1668087863""","=""9781668087862""",0,S&S/Saga Press,Hardcover,272,2025,2025,,2026/06/10,to-read,to-read (#543),to-read,,,,0,0
244141718,Front Desk: The Graphic Novel,Kelly Yang,"Yang, Kelly",Fumio Obata,"=""1338856456""","=""9781338856453""",0,Graphix,Hardcover,240,2026,2026,,2026/06/10,to-read,to-read (#542),to-read,,,,0,0
240310392,Where You'll Find Us,Jen St. Jude,"Jude, Jen St.",,"=""1547611405""","=""9781547611409""",0,Bloomsbury YA,Hardcover,384,2026,2026,,2026/06/10,to-read,to-read (#541),to-read,,,,0,0
239320072,Coming Out Perfect #1: A Graphic Novel,Richard Mercado,"Mercado, Richard",,"=""1546110909""","=""9781546110903""",0,Graphix,Hardcover,272,2026,2026,,2026/06/10,to-read,to-read (#540),to-read,,,,0,0
231681790,The Elsewhere Express,Samantha Sotto Yambao,"Yambao, Samantha Sotto",,"=""0593725026""","=""9780593725023""",0,Del Rey,Hardcover,432,2026,2026,,2026/06/10,to-read,to-read (#539),to-read,,,,0,0
197052975,Rise to the Sun,Leah  Johnson,"Johnson, Leah",,"=""1338662252""","=""9781338662252""",3.0,PUSH,Paperback,336,2024,2021,2026/06/09,2025/04/26,,,read,,,,1,0
238142848,King of Nothing,Nathanael Lessore,"Lessore, Nathanael",,"=""0316588563""","=""9780316588560""",3.0,"Little, Brown Books for Young Readers",Paperback,320,2026,2024,2026/02/28,2026/01/04,,,read,,,,1,0
187518,Troilus and Cressida,William Shakespeare,"Shakespeare, William","Louis B. Wright, Virginia A. LaMar","=""0671669168""","=""9780671669164""",0,Washington Square Pr,Mass Market Paperback,343,1988,1601,,2025/11/29,"to-read, physical-tbr","to-read (#382), physical-tbr (#34)",to-read,,,,0,0
83763,Prey,Michael Crichton,"Crichton, Michael",,"=""0061015725""","=""9780061015724""",5.0,Avon,Paperback,507,2004,2002,2026/06/08,2026/06/07,,,read,,,,1,0
60864133,The Problem with Gravity,Michelle Mohrweis,"Mohrweis, Michelle",,"=""1682635953""","=""9781682636176""",0,Peachtree,Kindle Edition,288,2023,2023,,2026/06/07,to-read,to-read (#538),to-read,,,,0,0
63883511,The Trouble with Robots,Michelle Mohrweis,"Mohrweis, Michelle",,"=""168263485X""","=""9781682634851""",5.0,Peachtree Publishing,Kindle Edition,288,2022,2022,2026/06/07,2025/06/30,,,read,,,,1,0
127547382,Yours from the Tower,Sally Nicholls,"Nicholls, Sally",,"=""1536223190""","=""9781536223194""",0,Walker Books US,Hardcover,297,2024,2023,,2026/06/07,to-read,to-read (#537),to-read,,,,0,0
61272862,If I See You Again Tomorrow,Robbie Couch,"Couch, Robbie",,"=""1534497498""","=""9781534497498""",0,Simon & Schuster Books for Young Readers,Hardcover,328,2023,2023,,2026/06/07,to-read,to-read (#536),to-read,,,,0,0
59808423,Brighter Than the Moon,David Valdes,"Valdes, David",,"=""1547607165""","=""9781547607167""",0,Bloomsbury YA,Hardcover,352,2023,2023,,2026/06/07,to-read,to-read (#535),to-read,,,,0,0
17234659,"Ten Thousand Skies Above You (Firebird, #2)",Claudia Gray,"Gray, Claudia",,"=""""","=""""",0,Harper Teen,Kindle Edition,424,2015,2015,,2025/12/29,to-read,to-read (#534),to-read,,,,0,0
217163697,My Friends,Fredrik Backman,"Backman, Fredrik",Neil   Smith,"=""1982112824""","=""9781982112820""",0,Atria Books,Hardcover,436,2025,2025,,2026/06/06,to-read,to-read (#533),to-read,,,,0,0
200556625,I Will Never Leave You,Kara A. Kennedy,"Kennedy, Kara A.",,"=""0593707486""","=""9780593707487""",0,Delacorte Press,Kindle Edition,352,2024,2024,,2026/06/05,to-read,to-read (#519),to-read,,,,0,0
123596952,"Darker by Four (Darker by Four, #1)",June C.L. Tan,"Tan, June C.L.",,"=""0063283840""","=""9780063283848""",0,HarperTeen,Hardcover,400,2024,2024,,2026/06/05,to-read,to-read (#518),to-read,,,,0,0
158649590,We Got the Beat,Jenna     Miller,"Miller, Jenna",,"=""0063243385""","=""9780063243385""",0,Quill Tree Books,Hardcover,352,2024,2024,,2026/06/05,to-read,to-read (#517),to-read,,,,0,0
194477936,Off With Their Heads,Zoe Hana Mikuta,"Mikuta, Zoe Hana",,"=""1368099068""","=""9781368099066""",0,Hyperion,Hardcover,408,2024,2024,,2026/06/05,to-read,to-read (#516),to-read,,,,0,0
61070523,For She Is Wrath,Emily  Varga,"Varga, Emily",,"=""1250877385""","=""9781250877383""",0,Wednesday Books,Hardcover,389,2024,2024,,2026/06/05,to-read,to-read (#515),to-read,,,,0,0
157020041,The Poisons We Drink,Bethany Baptiste,"Baptiste, Bethany",,"=""1728251958""","=""9781728251950""",0,Sourcebooks Fire,Hardcover,467,2024,2024,,2026/06/05,to-read,to-read (#514),to-read,,,,0,0
33785212,"Click'd (Click'd, #1)",Tamara Ireland Stone,"Stone, Tamara Ireland",,"=""1484784979""","=""9781484784976""",0,Disney Book Group,Hardcover,304,2017,2017,,2026/06/04,to-read,to-read (#513),to-read,,,,0,0
216269211,Messy Perfect,Tanya Boteju,"Boteju, Tanya",,"=""0063358492""","=""9780063358492""",5.0,Quill Tree Books,Hardcover,400,2025,2025,2026/06/04,2025/05/04,,,read,,,,1,0
228342387,Until the Clock Strikes Midnight,Alechia Dow,"Dow, Alechia",,"=""1250375770""","=""9781250375773""",0,Feiwel & Friends,Hardcover,320,2026,2026,,2026/06/03,to-read,to-read (#512),to-read,,,,0,0
68427,"Elantris (Elantris, #1)",Brandon Sanderson,"Sanderson, Brandon",,"=""0765350378""","=""9780765350374""",0,Tor Fantasy,Mass Market Paperback,638,2006,2005,,2025/05/11,"to-read, series-to-continue","to-read (#193), series-to-continue (#20)",to-read,,,,0,0
60531406,"Tress of the Emerald Sea (Hoid's Travails, #1)",Brandon Sanderson,"Sanderson, Brandon",Howard Lyon,"=""""","=""""",0,Dragonsteel Entertainment,Kindle Edition,443,2023,2023,,2025/05/11,"to-read, series-to-continue","to-read (#194), series-to-continue (#21)",to-read,,,,0,0
60531420,The Sunlit Man (Cosmere),Brandon Sanderson,"Sanderson, Brandon","Ernanda Souza, Nabetse Zitro, Kudriaken","=""1938570391""","=""9781938570391""",0,Dragonsteel Entertainment,Hardcover,447,2023,2023,,2025/05/11,"to-read, prorities, series-to-continue","to-read (#195), prorities (#19), series-to-continue (#22)",to-read,,,,0,0
210123954,Bree Boyd is a Legend,Leah  Johnson,"Johnson, Leah",,"=""0702338443""","=""9780702338441""",0,Scholastic,Kindle Edition,245,2025,2025,,2025/04/26,"to-read, series-to-continue","to-read (#185), series-to-continue (#9)",to-read,,,,0,0
214331246,Sunrise on the Reaping (The Hunger Games),Suzanne Collins,"Collins, Suzanne",,"=""1546171460""","=""9781546171461""",0,Scholastic Press,Hardcover,387,2025,2025,,2025/03/30,"to-read, series-to-continue, tik-tok-book","to-read (#170), series-to-continue (#7), tik-tok-book (#2)",to-read,,,,0,0
68429,"The Well of Ascension (Mistborn, #2)",Brandon Sanderson,"Sanderson, Brandon",,"=""0765316889""","=""9780765316882""",0,Tor Books,Hardcover,592,2007,2007,,2025/03/22,"to-read, series-to-continue, prorities","to-read (#160), series-to-continue (#5), prorities (#15)",to-read,,,,0,0
51901147,"The Ballad of Songbirds and Snakes (The Hunger Games, #0)",Suzanne Collins,"Collins, Suzanne",,"=""""","=""""",0,Scholastic Press,Kindle Edition,541,2020,2020,,2025/03/30,"to-read, series-to-continue, tik-tok-book","to-read (#169), series-to-continue (#1), tik-tok-book (#12)",to-read,,,,0,0
149602720,"Aether (Heart of Heroes, #3)",Molly J. Bragg,"Bragg, Molly J.",,"=""""","=""""",0,Desert Palm Press,Kindle Edition,368,2023,2023,,2025/03/13,"to-read, series-to-continue, prorities","to-read (#153), series-to-continue (#2), prorities (#14)",to-read,,,,0,0
213673722,"Rhapsody (Heart of Heroes, #4)",Molly J. Bragg,"Bragg, Molly J.",,"=""""","=""""",0,Desert Palm Press,Kindle Edition,355,2024,,,2025/03/13,"to-read, series-to-continue","to-read (#154), series-to-continue (#8)",to-read,,,,0,0
61215351,"The Fellowship of the Ring (The Lord of the Rings, #1)",J.R.R. Tolkien,"Tolkien, J.R.R.",,"=""""","=""""",0,William Morrow,Kindle Edition,432,2022,1954,,2025/03/09,"to-read, series-to-continue","to-read (#119), series-to-continue (#18)",to-read,,,,0,0
101158135,Spy x Family: Family Portrait (Spy x Family Novels),Aya Yajima,"Yajima, Aya",Tatsuya Endo,"=""1974739066""","=""9781974739066""",0,VIZ Media LLC,Paperback,162,2023,2021,,2025/03/13,"to-read, graphic-novels, series-to-continue","to-read (#152), graphic-novels (#16), series-to-continue (#19)",to-read,,,,0,0
183086339,"Reckless (The Powerless Trilogy, #2)",Lauren  Roberts,"Roberts, Lauren",,"=""""","=""""",0,Simon & Schuster Children's UK,Kindle Edition,396,2024,2024,,2025/03/10,"to-read, series-to-continue, tik-tok-book","to-read (#120), series-to-continue (#4), tik-tok-book (#10)",to-read,,,,0,0
208546263,The Deadly Fates (The Conjureverse #3),Dhonielle Clayton,"Clayton, Dhonielle",,"=""1250874831""","=""9781250874832""",0,Henry Holt and Co. (BYR),Kindle Edition,352,2025,,,2025/03/13,"to-read, series-to-continue","to-read (#145), series-to-continue (#3)",to-read,,,,0,0
76703559,"Throne of Glass (Throne of Glass, #1)",Sarah J. Maas,"Maas, Sarah J.",,"=""163973094X""","=""9781639730940""",0,Bloomsbury Publishing,Hardcover,406,2023,2012,,2024/12/18,"to-read, physical-tbr, series-to-continue","to-read (#327), physical-tbr (#19), series-to-continue (#17)",to-read,,,,1,0
176822913,Radio Silence,Alice Oseman,"Oseman, Alice",,"=""0063374323""","=""9780063374324""",0,HarperCollins,Hardcover,480,2023,2016,,2024/12/18,"to-read, prorities, physical-tbr, series-to-continue","to-read (#11), prorities (#5), physical-tbr (#7), series-to-continue (#15)",to-read,,,,0,0
62676024,A Song of Salvation: A Compelling YA Space Opera About a God and a Pilot on a Mission to Earth,Alechia Dow,"Dow, Alechia",,"=""1335453725""","=""9781335453723""",0,Inkyard Press,Hardcover,345,2023,2023,,2024/12/18,"to-read, series-to-continue","to-read (#22), series-to-continue (#16)",to-read,,,,0,0
207293715,"Stranger Skies (Drowned Gods, #2)",Pascale Lacelle,"Lacelle, Pascale",,"=""1665939303""","=""9781665939300""",0,Margaret K. McElderry Books,Hardcover,608,2024,2024,,2025/01/17,"to-read, series-to-continue","to-read (#47), series-to-continue (#6)",to-read,,,,0,0
57803147,The Kindred,Alechia Dow,"Dow, Alechia",,"=""133541861X""","=""9781335418616""",0,Inkyard Press,Hardcover,400,2022,2022,,2024/12/18,"to-read, prorities, series-to-continue","to-read (#4), prorities (#2), series-to-continue (#13)",to-read,,,,0,0
240962172,SPY×FAMILY 16,Tatsuya Endo,"Endo, Tatsuya",遠藤達哉,"=""4088845277""","=""9784088845272""",0,集英社,Paperback,210,2025,2025,,2025/12/29,"series-to-continue, graphic-novels, to-read","series-to-continue (#12), graphic-novels (#20), to-read (#511)",to-read,,,,0,0
41150487,"Red, White & Royal Blue (Red, White & Royal Blue, #1)",Casey McQuiston,"McQuiston, Casey",,"=""1250316774""","=""9781250316776""",0,St. Martin's Griffin,Paperback,443,2019,2019,,2026/06/03,to-read,to-read (#510),to-read,,,,0,0
12000020,"Aristotle and Dante Discover the Secrets of the Universe (Aristotle and Dante, #1)",Benjamin Alire Sáenz,"Sáenz, Benjamin Alire",,"=""1442408928""","=""9781442408920""",0,Simon & Schuster Books for Young Readers,Hardcover,390,2012,2012,,2026/06/03,to-read,to-read (#509),to-read,,,,0,0
32768522,"Carry On (Simon Snow, #1)",Rainbow Rowell,"Rowell, Rainbow",,"=""1250135028""","=""9781250135025""",0,Wednesday Books,Paperback,521,2017,2015,,2026/06/03,to-read,to-read (#508),to-read,,,,0,0
19547856,"Simon vs. the Homo Sapiens Agenda (Simonverse, #1)",Becky Albertalli,"Albertalli, Becky",,"=""0062348671""","=""9780062348678""",0,Balzer + Bray,Hardcover,320,2015,2015,,2026/06/03,to-read,to-read (#507),to-read,,,,0,0
61089487,All That It Ever Meant,Blessing Musariri,"Musariri, Blessing",,"=""132403095X""","=""9781324030959""",0,Norton Young Readers,Hardcover,192,2023,2023,,2026/06/03,to-read,to-read (#506),to-read,,,,0,0
198839388,Little Bang,Kelly McCaughrain,"McCaughrain, Kelly",,"=""1406375721""","=""9781406375725""",0,Walker Books,Paperback,304,2024,2024,,2026/06/03,to-read,to-read (#505),to-read,,,,0,0
51931067,Felix Ever After,Kacen Callender,"Callender, Kacen",,"=""0062820257""","=""9780062820259""",0,Balzer + Bray,Hardcover,368,2020,2020,,2026/06/03,to-read,to-read (#504),to-read,,,,0,0
41020406,The Black Flamingo,Dean Atta,"Atta, Dean",,"=""144494858X""","=""9781444948585""",0,Hodder Children's Books,Hardcover,360,2019,2019,,2026/06/03,to-read,to-read (#503),to-read,,,,0,0
28245707,Queens of Geek,Jen  Wilde,"Wilde, Jen",,"=""1250111390""","=""9781250111395""",0,Swoon Reads,Paperback,262,2017,2017,,2026/06/03,to-read,to-read (#502),to-read,,,,0,0
44540687,Bruised,Tanya Boteju,"Boteju, Tanya",,"=""1534455043""","=""9781534455047""",0,Simon Pulse,Kindle Edition,336,2021,2021,,2026/06/03,to-read,to-read (#501),to-read,,,,0,0
35545695,"Pemmican Wars (A Girl Called Echo, #1)",Katherena Vermette,"Vermette, Katherena","Scott B. Henderson, Donovan Yaciuk","=""1553796780""","=""9781553796787""",0,HighWater Press,Paperback,48,2017,2017,,2026/06/03,to-read,to-read (#500),to-read,,,,0,0
50266871,Hani and Ishu’s Guide to Fake Dating,Adiba Jaigirdar,"Jaigirdar, Adiba",,"=""""","=""""",5.0,Page Street Kids,Kindle Edition,352,2021,2021,2026/06/02,2024/12/18,,,read,,,,1,0
39939417,Five Feet Apart,Rachael Lippincott,"Lippincott, Rachael","Mikki Daughtry, Tobias Iaconis","=""""","=""""",0,Simon & Schuster Books for Young Readers,ebook,288,2018,2018,,2026/06/01,to-read,to-read (#499),to-read,,,,0,0
35843729,Hot Dog Girl,Jennifer Dugan,"Dugan, Jennifer",,"=""0525516263""","=""9780525516262""",5.0,Putnam,Kindle Edition,320,2019,2019,2026/05/31,2025/03/13,,,read,,,,1,0
50748473,Cool for the Summer,Dahlia Adler,"Adler, Dahlia",,"=""125076582X""","=""9781250765826""",0,Wednesday Books,Hardcover,272,2021,2021,,2026/05/31,to-read,to-read (#498),to-read,,,,0,0
31246717,The Summer of Jordi Perez (and the Best Burger in Los Angeles),Amy Spalding,"Spalding, Amy",,"=""""","=""""",0,Sky Pony Press,Hardcover,284,2018,2018,,2026/05/31,to-read,to-read (#497),to-read,,,,0,0
54017833,"Gearbreakers (Gearbreakers, #1)",Zoe Hana Mikuta,"Mikuta, Zoe Hana",,"=""1250269504""","=""9781250269508""",0,Feiwel & Friends,Hardcover,405,2021,2021,,2026/05/31,to-read,to-read (#496),to-read,,,,0,0
240114942,"Girls Like Us (Some Girls Do, #2)",Jennifer Dugan,"Dugan, Jennifer",,"=""""","=""9798217112555""",0,G.P. Putnam's Sons Books for Young Readers,Paperback,336,2026,,,2026/05/31,"to-read, series-to-continue","to-read (#495), series-to-continue (#11)",to-read,,,,0,0
28220826,When the Moon Was Ours,Anna-Marie McLemore,"McLemore, Anna-Marie",,"=""125005866X""","=""9781250058669""",0,Thomas Dunne Books,Hardcover,273,2016,2016,,2025/10/11,to-read,to-read (#321),to-read,,,,0,0
29283884,"The Gentleman's Guide to Vice and Virtue (Montague Siblings, #1)",Mackenzi Lee,"Lee, Mackenzi",,"=""0062382802""","=""9780062382801""",0,Katherine Tegen Books,Hardcover,501,2017,2017,,2026/05/31,to-read,to-read (#494),to-read,,,,0,0
207294012,Inheritance of Scars,Crystal Seitz,"Seitz, Crystal",,"=""1665959924""","=""9781665959926""",0,Margaret K. McElderry Books,Hardcover,416,2024,,,2026/05/31,to-read,to-read (#492),to-read,,,,0,0
250335001,Sweet Revenge: A Graphic Novel,Victoria Grace Elliott,"Elliott, Victoria Grace",,"=""1546146768""","=""9781546146766""",0,Graphix,Paperback,256,2027,,,2026/05/31,to-read,to-read (#491),to-read,,,,0,0
211003924,"Breath of the Dragon (Breathmarked, #1)",Shannon Lee,"Lee, Shannon",Fonda Lee,"=""1250902673""","=""9781250902672""",0,Wednesday Books,Hardcover,341,2025,2025,,2026/05/31,to-read,to-read (#490),to-read,,,,0,0
228726050,The Perfect Match,Adiba Jaigirdar,"Jaigirdar, Adiba",,"=""1398727741""","=""9781398727748""",0,Orion,Kindle Edition,336,2026,2026,,2026/05/31,to-read,to-read (#488),to-read,,,,0,0
58795575,The Society For Soulless Girls,Laura   Steven,"Steven, Laura",,"=""1405296933""","=""9781405296939""",0,Electric Monkey,Paperback,406,2022,2022,,2026/05/29,to-read,to-read (#487),to-read,,,,0,0
64416959,Otherside Picnic 04,Iori Miyazawa,"Miyazawa, Iori",Eita Mizuno,"=""1646095863""","=""9781646095865""",0,Square Enix Manga,Kindle Edition,256,2023,2020,,2025/12/29,to-read,to-read (#486),to-read,,,,0,0
61180326,Otherside Picnic 03 (Manga),Iori Miyazawa,"Miyazawa, Iori","Eita Mizuno, shirakaba","=""1646095855""","=""9781646095858""",4.0,Square Enix Manga,Kindle Edition,256,2022,2019,2026/05/27,2025/12/29,,,read,3.5 <br/><br/>i perfer the light nov,,,1,0
238342248,Things I Learned While I Was Dead,Kathryn    Clark,"Clark, Kathryn",,"=""0571385877""","=""9780571385874""",5.0,Faber & Faber,Kindle Edition,371,2025,,2026/05/27,2025/07/26,,,read,"“Life’s for the living. And life is living. So live it, as free and as true as you can.” <br/><br/>HOLY CATHARSIS<br/><br/>this book i cant  ",true,,1,0
18144590,The Alchemist,Paulo Coelho,"Coelho, Paulo",,"=""0062315005""","=""9780062315007""",0,HarperOne,Paperback,182,2014,1988,,2026/05/27,to-read,to-read (#485),to-read,,,,0,0
52295565,"Otherside Picnic, Vol. 2",Iori Miyazawa,"Miyazawa, Iori",Sean McCann,"=""1718360002""","=""9781718360006""",4.0,J-Novel Club,Kindle Edition,248,2020,2017,2026/05/26,2025/12/29,,,read,,,,1,0
28525367,Felix Yz,Lisa Bunker,"Bunker, Lisa",,"=""0425288528""","=""9780425288528""",0,Viking Books for Young Readers,Kindle Edition,288,2017,2015,,2026/05/25,to-read,to-read (#484),to-read,,,,0,0
154488278,Black Girl You Are Atlas,Renée  Watson,"Watson, Renée",Ekua Holmes,"=""0593461703""","=""9780593461709""",0,Kokila,Hardcover,96,2024,,,2026/05/25,to-read,to-read (#483),to-read,,,,0,0
127823168,"Shut Up, This Is Serious: A Morris Award Finalist and Raw Young Adult Novel about Latina Friendship, Depression, and Breaking Generational Cycles",Carolina Ixta,"Ixta, Carolina",,"=""0063287862""","=""9780063287860""",0,Quill Tree Books,Hardcover,368,2024,2024,,2026/05/25,to-read,to-read (#482),to-read,,,,0,0
75670213,Bright Red Fruit,Safia Elhillo,"Elhillo, Safia",,"=""059338122X""","=""9780593381229""",0,Make Me a World,Kindle Edition,365,2024,2024,,2026/05/25,to-read,to-read (#481),to-read,,,,0,0
34928122,Artemis,Andy Weir,"Weir, Andy",,"=""0553448129""","=""9780553448122""",0,Crown,Hardcover,305,2017,2017,,2026/05/24,to-read,to-read (#480),to-read,,,,0,0
228342317,This Must Be the Place,Kelly Quindlen,"Quindlen, Kelly",,"=""1250911060""","=""9781250911063""",0,Roaring Brook Press,Hardcover,288,2026,2026,,2026/05/22,"to-read, advanced-copies, physical-tbr","to-read (#479), advanced-copies (#90), physical-tbr (#32)",to-read,,,,0,0
240114093,In Between Days,Camryn Garrett,"Garrett, Camryn",,"=""1368114350""","=""9781368114356""",0,Disney Hyperion,Hardcover,256,2026,2026,,2026/05/22,"to-read, advanced-copies, physical-tbr","to-read (#478), advanced-copies (#89), physical-tbr (#31)",to-read,,,,0,0
240351092,An Expanse of Blue,Kauakanilehua Mahoe Adams,"Adams, Kauakanilehua Mahoe",,"=""0063417952""","=""9780063417953""",0,Heartdrum,Hardcover,464,2026,2026,,2026/05/22,"to-read, physical-tbr, advanced-copies","to-read (#477), physical-tbr (#30), advanced-copies (#88)",to-read,,,,0,0
50523184,Otherside Picnic: Volume 3,Iori Miyazawa,"Miyazawa, Iori","shirakaba, Sean McCann, 宮澤 伊織","=""1718360029""","=""9781718360020""",0,J-Novel Club,Kindle Edition,202,2020,2018,,2025/12/29,to-read,to-read (#476),to-read,,,,0,0
123257687,"Assistant to the Villain (Assistant to the Villain, #1)",Hannah Nicole Maehrer,"Maehrer, Hannah Nicole",,"=""1649375808""","=""9781649375803""",0,Entangled Publishing: Red Tower Books,Paperback,342,2023,2023,,2026/05/15,to-read,to-read (#475),to-read,,,,0,0
223362145,Last Chance Live!,Helena Haywoode Henry,"Henry, Helena Haywoode",,"=""0593625307""","=""9780593625309""",5.0,Nancy Paulsen Books,Hardcover,544,2025,2025,2026/05/14,2025/09/09,,,read,holy book ,,,1,0
232475141,Last to Leave,Teresa Richards,"Richards, Teresa",,"=""1623546370""","=""9781623546373""",3.0,Charlesbridge,Hardcover,336,2026,,2026/05/08,2026/02/25,,,read,,,,1,0
30279514,"Dreadnought (Nemesis, #1)",April  Daniels,"Daniels, April",,"=""1682300684""","=""9781682300688""",5.0,Diversion Books,Paperback,280,2017,2017,2026/05/09,2025/04/08,,,read,,,,1,0
3836,Don Quixote,Miguel de Cervantes Saavedra,"Saavedra, Miguel de Cervantes","Roberto González Echevarría, John Rutherford","=""""","=""""",0,Penguin Books,Paperback,1023,2003,1605,,2026/05/05,to-read,to-read (#474),to-read,,,,0,0
242805141,The Ocean Would Paint Me Blue,Zoulfa Katouh,"Katouh, Zoulfa",,"=""0316351946""","=""9780316351942""",5.0,"Little, Brown Books for Young Readers",Hardcover,368,2026,,2026/05/03,2026/02/25,,,read,,,,1,0
22816087,Seveneves,Neal Stephenson,"Stephenson, Neal",,"=""""","=""""",0,William Morrow,Kindle Edition,872,2015,2015,,2026/04/30,to-read,to-read (#472),to-read,,,,0,0
224004327,You Weren't Meant to Be Human,Andrew Joseph White,"White, Andrew Joseph",,"=""1668038072""","=""9781668038079""",0,S&S/Saga Press,Hardcover,336,2025,2025,,2026/04/24,to-read,to-read (#471),to-read,,,,0,0
199798179,The Ministry of Time,Kaliane Bradley,"Bradley, Kaliane",,"=""1668045141""","=""9781668045145""",0,Avid Reader Press / Simon & Schuster,Hardcover,339,2024,2024,,2026/04/21,to-read,to-read (#470),to-read,,,,0,0
60415700,Now Is Not the Time to Panic,Kevin    Wilson,"Wilson, Kevin",,"=""0062913506""","=""9780062913500""",0,Ecco,Hardcover,246,2022,2022,,2026/04/20,to-read,to-read (#469),to-read,,,,0,0
232884339,Royal Liars (Royal Heirs Academy #2),Lindsey Duga,"Duga, Lindsey",,"=""0316585696""","=""9780316585699""",0,Christy Ottaviano Books,Hardcover,368,2026,,,2026/01/01,"tbc-2026, to-read","tbc-2026 (#7), to-read (#468)",to-read,,,,0,0
212924064,Royal Heirs Academy (Royal Heirs Academy #1),Lindsey Duga,"Duga, Lindsey",,"=""0316578665""","=""9780316578660""",5.0,Christy Ottaviano Books,Paperback,384,2025,2025,2026/04/12,2025/02/02,,,read,4.75,,,1,0
228342203,She Drinks the Light,Yasmin Angoe,"Angoe, Yasmin",,"=""1250872685""","=""9781250872685""",0,Feiwel & Friends,Hardcover,336,2026,2026,,2026/02/20,"to-read, tbc-2026, physical-tbr","to-read (#445), tbc-2026 (#2), physical-tbr (#29)",to-read,,,,0,0
235991966,Beth Is Dead,Katie Bernet,"Bernet, Katie",,"=""166598869X""","=""9781665988698""",0,Sarah Barley Books / Simon & Schuster Books for Young Readers,Hardcover,400,2026,2026,,2026/02/20,"to-read, tbc-2026, physical-tbr","to-read (#446), tbc-2026 (#3), physical-tbr (#28)",to-read,,,,0,0
222636366,"The Weaver Bride (The Weaver Bride, #1)",Lydia Gregovic,"Gregovic, Lydia",,"=""0593572416""","=""9780593572412""",0,Delacorte Press,Hardcover,470,2025,2025,,2025/09/22,"to-read, tbc-2026, physical-tbr","to-read (#309), tbc-2026 (#8), physical-tbr (#27)",to-read,,,,0,0
49791999,Lovely Recipe,Myra Rose Nino,"Nino, Myra Rose",,"=""""","=""""",0,Random House Graphic ,Hardcover,240,2026,2022,,2026/04/12,to-read,to-read (#467),to-read,,,,0,0
231363318,Just Between Us: A Graphic Novel,Adeline Kon,"Kon, Adeline",,"=""0593696964""","=""9780593696965""",0,Dial Books,Paperback,320,2026,2026,,2026/04/12,to-read,to-read (#466),to-read,,,,0,0
205366416,"Lucy, Uncensored",Mel  Hammond,"Hammond, Mel",Teghan Hammond,"=""059381407X""","=""9780593814079""",0,Knopf Books for Young Readers,Kindle Edition,251,2024,2024,,2025/11/12,to-read,to-read (#352),to-read,,,,0,0
235992259,Steam,Shaenon K. Garrity,"Garrity, Shaenon K.","Emily Holden, Sam McInnis, Monica Nguyen-Vo","=""1534495851""","=""9781534495852""",0,Margaret K. McElderry Books,Paperback,208,2026,2026,,2026/04/11,to-read,to-read (#465),to-read,,,,0,0
235629720,Before We Wake,Sophia Glock,"Glock, Sophia",,"=""0316459038""","=""9780316459037""",5.0,"Little, Brown Ink",Paperback,288,2026,,2026/04/11,2026/02/20,,,read,,,,1,0
30241341,The Stone of the Eklektos (Creatures of Darkness #1),Britney Jackson,"Jackson, Britney",,"=""""","=""""",0,Noctem Publishing,Kindle Edition,752,2016,2016,,2026/04/11,to-read,to-read (#464),to-read,,,,0,0
7247854,"The Disappearing Spoon: And Other True Tales of Madness, Love, and the History of the World from the Periodic Table of the Elements",Sam Kean,"Kean, Sam",,"=""0316051640""","=""9780316051644""",0,"Little, Brown and Company",Hardcover,394,2010,2010,,2026/04/10,to-read,to-read (#463),to-read,,,,0,0
89144437,The Spirit Bares Its Teeth,Andrew Joseph White,"White, Andrew Joseph",,"=""1682636186""","=""9781682636183""",5.0,Peachtree Teen,Kindle Edition,399,2023,2023,2026/04/08,2025/07/03,,,read,This is one of the best things I have read in my entire life hands down,,,1,0
35425827,"Archenemies (Renegades, #2)",Marissa Meyer,"Meyer, Marissa",,"=""1250311446""","=""9781250311443""",4.0,Feiwel & Friends,ebook,560,2018,2018,2026/04/07,2025/06/02,,,read,MAXXXXXXXXXX NOOOOOOOOOOOOOO,true,,1,0
62949649,"Killer Instinct (The Naturals, #2)",Jennifer Lynn Barnes,"Barnes, Jennifer Lynn",,"=""0316540722""","=""9780316540728""",0,"Little, Brown Books for Young Readers",Paperback,378,2023,2014,,2026/01/01,to-read,to-read (#462),to-read,,,,0,0
23395680,"Illuminae (The Illuminae Files, #1)",Amie Kaufman,"Kaufman, Amie",Jay Kristoff,"=""0553499114""","=""9780553499117""",0.0,Knopf Books for Young Readers,Hardcover,608,2015,2015,,2025/03/29,to-read,to-read (#461),to-read,wasnt feeling it 🤷🏼‍♀️<br/><br/>maybe ill try again later,,,1,0
233608884,This Ain't Our First Rodeo,Liara Tamani,"Tamani, Liara",,"=""0063093332""","=""9780063093331""",4.0,Greenwillow Books,Hardcover,336,2026,2026,2026/03/24,2026/02/20,,,read,3.75,,,1,0
222885437,Coffeeshop in an Alternate Universe,C.B. Lee,"Lee, C.B.",,"=""1250417333""","=""9781250417336""",5.0,Feiwel & Friends,Paperback,400,2025,2025,2025/11/26,2025/06/01,,,read,,,,1,0
83815739,"The Cool Code 2.0: The Switch Glitch (The Cool Code, 2)",Deirdre Langeland,"Langeland, Deirdre",Sarah Mai,"=""0358549337""","=""9780358549338""",5.0,Clarion Books,Hardcover,224,2023,,2026/03/15,2026/03/15,,,read,,,,1,0
220999068,We Won't All Survive,Kate Alice Marshall,"Marshall, Kate Alice",,"=""0593691830""","=""9780593691830""",5.0,Viking Books for Young Readers,Paperback,330,2025,2025,2026/03/14,2025/02/25,,,read,4.5,,,1,0
60093178,A Scatter of Light,Malinda Lo,"Lo, Malinda",,"=""0525555285""","=""9780525555285""",0,Dutton Books for Young Readers,Hardcover,325,2022,2022,,2026/03/10,to-read,to-read (#459),to-read,,,,0,0
35224992,Last Night at the Telegraph Club,Malinda Lo,"Lo, Malinda",,"=""0525555250""","=""9780525555254""",5.0,Dutton Books for Young Readers,Hardcover,409,2021,2021,2026/03/10,2024/12/18,,,read,,,,1,0
214283597,Strange Bedfellows,Ariel Slamet Ries,"Ries, Ariel Slamet",,"=""0063158086""","=""9780063158085""",0,HarperAlley,Paperback,288,2025,2025,,2025/05/04,did-not-finish,did-not-finish (#2),did-not-finish,,,,0,0
221229286,"Quantum Physics for Beginners: The Non-Scientist’s Guide to the Big Ideas of Quantum Mechanics, with Key Principles, Major Theories, and Experiments Simplified",Pantheon Space Academy,"Academy, Pantheon Space",,"=""""","=""""",0.0,,Kindle Edition,276,2024,,,2025/10/07,did-not-finish,did-not-finish (#3),did-not-finish,"i normally don’t get bored reading physics books, they’re as exciting as mystery novels, but lo and behold i got bored reading a physics book",,,1,0
218462026,Skipshock,Caroline O'Donoghue,"O'Donoghue, Caroline",,"=""1536228818""","=""9781536228816""",0,Walker Books US,Hardcover,400,2025,2025,,2025/03/26,did-not-finish,did-not-finish (#1),did-not-finish,,,,2,0
224003223,Fade Into You,Amber   Smith,"Smith, Amber",Sam Gellar,"=""1665966106""","=""9781665966108""",0,Margaret K. McElderry Books,Hardcover,448,2025,2025,,2025/09/09,"to-read, physical-tbr","to-read (#330), physical-tbr (#26)",to-read,,,,0,0
36220348,This Time Will Be Different,Misa Sugiura,"Sugiura, Misa",,"=""0062473468""","=""9780062473462""",0,HarperTeen,Kindle Edition,400,2019,2019,,2025/09/02,"to-read, prorities, physical-tbr","to-read (#302), prorities (#25), physical-tbr (#25)",to-read,,,,0,0
61264910,Illusions of Fire,Nisha Sharma,"Sharma, Nisha",,"=""1454947772""","=""9781454947776""",0,Union Square & Co,Hardcover,368,2025,2025,,2025/08/26,"to-read, physical-tbr","to-read (#335), physical-tbr (#24)",to-read,,,,0,0
57989070,"Ender's Game (Ender's Saga, #1)",Orson Scott Card,"Card, Orson Scott",,"=""""","=""""",0,Tor Books,Kindle Edition,264,2021,1985,,2026/01/03,"to-read, physical-tbr","to-read (#415), physical-tbr (#23)",to-read,,,,0,0
55001095,"I, Robot",Isaac Asimov,"Asimov, Isaac",,"=""""","=""""",0,Spectra,Kindle Edition,304,2004,1950,,2026/03/06,"to-read, physical-tbr","to-read (#458), physical-tbr (#22)",to-read,,,,0,0
220817728,Atmosphere,Taylor Jenkins Reid,"Reid, Taylor Jenkins",,"=""""","=""""",0,Ballantine Books,Hardcover,337,2025,2025,,2026/03/02,to-read,to-read (#457),to-read,,,,0,0
205541929,The Hunger Games: Illustrated Edition,Suzanne Collins,"Collins, Suzanne",Nico Delort,"=""1339030608""","=""9781339030609""",0,Scholastic Press,Hardcover,357,2024,2008,,2025/06/04,to-read,to-read (#249),to-read,,,,0,0
223363677,A Feast for the Eyes,Alex Crespo,"Crespo, Alex",,"=""1682635791""","=""9781682635797""",0,Peachtree Teen,Hardcover,352,2025,2025,,2025/12/08,"to-read, advanced-copies, physical-tbr","to-read (#394), advanced-copies (#87), physical-tbr (#21)",to-read,,,,0,0
221490940,Catch Your Death,Ravena Guron,"Guron, Ravena",,"=""1728296870""","=""9781728296876""",0,Sourcebooks Fire,Paperback,448,2025,2023,,2026/02/25,to-read,to-read (#455),to-read,,,,0,0
207294177,The Six: The Extraordinary Story of the Grit and Daring of America's First Women Astronauts,Loren Grush,"Grush, Loren",,"=""1982172819""","=""9781982172817""",0,Scribner,Paperback,432,2024,2023,,2026/02/25,"to-read, physical-tbr","to-read (#454), physical-tbr (#20)",to-read,,,,0,0
49526960,"Otherside Picnic, Vol. 1",Iori Miyazawa,"Miyazawa, Iori",ZackZeal,"=""""","=""""",5.0,J-Novel Club,Kindle Edition,192,2019,2017,2026/02/25,2025/12/14,,,read,,,,1,0
56985443,"Her Name Is Knight (Nena Knight, #1)",Yasmin Angoe,"Angoe, Yasmin",,"=""1542029961""","=""9781542029964""",0,Thomas & Mercer,Kindle Edition,389,2021,2021,,2026/02/21,to-read,to-read (#453),to-read,,,,0,0
62039217,"Sing Me to Sleep (Sing Me to Sleep, #1)",Gabi Burton,"Burton, Gabi",,"=""1547610379""","=""9781547610372""",0,Bloomsbury YA,Hardcover,432,2023,2023,,2026/02/21,to-read,to-read (#452),to-read,,,,0,0
55254322,Passport,Sophia Glock,"Glock, Sophia",,"=""0316459003""","=""9780316459006""",0,"Little, Brown Ink",Paperback,320,2021,2021,,2026/02/21,to-read,to-read (#451),to-read,,,,0,0
33829748,Calling My Name,Liara Tamani,"Tamani, Liara",,"=""0062656864""","=""9780062656865""",0,Greenwillow Books,Hardcover,384,2017,2017,,2026/02/21,to-read,to-read (#450),to-read,,,,0,0
232794546,A Practical Guide to Dating a Demon,Hannah   Reynolds,"Reynolds, Hannah",,"=""0593859030""","=""9780593859032""",0,G.P. Putnam's Sons Books for Young Readers,Paperback,352,2026,2026,,2026/02/20,"to-read, tbc-2026","to-read (#449), tbc-2026 (#10)",to-read,,,,0,0
235672423,"Estela, Undrowning",René Peña-Govea,"Peña-Govea, René",,"=""0063429950""","=""9780063429956""",5.0,Quill Tree Books,Hardcover,368,2026,,2026/02/07,2026/01/18,,,read,,,,1,0
226747388,Reasons We Break,Jesmeen Kaur Deo,"Deo, Jesmeen Kaur",,"=""""","=""""",0,Disney Hyperion,Hardcover,416,2025,2025,,2026/02/20,"to-read, tbc-2026","to-read (#448), tbc-2026 (#5)",to-read,,,,0,0
231387395,To Steal a Throne,Gabi Burton,"Burton, Gabi",,"=""1547617276""","=""9781547617272""",0,Bloomsbury YA,Hardcover,368,2026,2026,,2026/02/20,"to-read, tbc-2026","to-read (#447), tbc-2026 (#4)",to-read,,,,0,0
228393488,The Swan's Daughter,Roshani Chokshi,"Chokshi, Roshani",,"=""125087310X""","=""9781250873101""",0,Wednesday Books,Hardcover,400,2026,2026,,2026/02/20,"to-read, tbc-2026","to-read (#444), tbc-2026 (#1)",to-read,,,,0,0
239879660,Young World,Soman Chainani,"Chainani, Soman",,"=""0593905180""","=""9780593905180""",0,Random House Books for Young Readers,Hardcover,480,2026,2026,,2026/02/18,to-read,to-read (#443),to-read,,,,0,0
218059559,Warm-Blooded (The Carbon Chronicles #1),J Greene,"Greene, J",,"=""""","=""9798990949201""",0,Liana Ink,Paperback,527,2024,,,2026/02/16,to-read,to-read (#442),to-read,,,,0,0
3236307,"Graceling (Graceling Realm, #1)",Kristin Cashore,"Cashore, Kristin",,"=""015206396X""","=""9780152063962""",0,Harcourt,Hardcover,471,2008,2008,,2026/02/16,to-read,to-read (#441),to-read,,,,0,0
219334880,Death in the Cards (The Dizon Detective Agency #1),Mia P. Manansala,"Manansala, Mia P.",,"=""0593897927""","=""9780593897928""",0,Delacorte Press,Hardcover,336,2025,2025,,2026/02/16,to-read,to-read (#440),to-read,,,,0,0
220999702,Astrolabe Rebirth (Novel),Fei Tian Ye Xiang,"Xiang, Fei Tian Ye",,"=""""","=""9798893738001""",0,Seven Seas,Paperback,400,2025,,,2026/02/16,to-read,to-read (#439),to-read,,,,0,0
222685823,Fawn's Blood,Hal Schrieve,"Schrieve, Hal",,"=""1644214709""","=""9781644214701""",0,Triangle Square,Hardcover,368,2025,2025,,2026/02/16,to-read,to-read (#438),to-read,,,,0,0
221452836,These Memories Do Not Belong to Us,Yiming Ma,"Ma, Yiming",,"=""0063413485""","=""9780063413481""",0,Mariner Books,Hardcover,214,2025,2025,,2026/02/16,to-read,to-read (#437),to-read,,,,0,0
231681144,A Wild Radiance,Maria Ingrande Mora,"Mora, Maria Ingrande",,"=""1682637565""","=""9781682637562""",0,Peachtree Teen,Hardcover,368,2026,2026,,2026/02/16,to-read,to-read (#436),to-read,,,,0,0
49089632,"Elatsoe (Elatsoe, #1)",Darcie Little Badger,"Badger, Darcie Little",Rovina Cai,"=""1646140052""","=""9781646140053""",0,Levine Querido,Hardcover,362,2020,2020,,2026/02/16,to-read,to-read (#435),to-read,,,,0,0
56817012,Another Kind: A Graphic Novel,Trevor Bream,"Bream, Trevor",Cait May,"=""006304353X""","=""9780063043534""",5.0,HarperAlley,Paperback,288,2021,2021,2026/02/15,2026/02/15,,,read,,,,1,0
199793665,Tall Water,S.J. Sindu,"Sindu, S.J.",Dion MBD,"=""0063090163""","=""9780063090163""",5.0,HarperAlley,Hardcover,256,2025,2025,2026/02/15,2025/06/01,,,read,,,,1,0
57504679,The Gravity of Us: After the Launch,Phil Stamper,"Stamper, Phil",Michael Crouch,"=""""","=""""",4.0,Listening Library,Audiobook,,2021,2021,2026/02/10,2026/02/09,,,read,,,,1,0
44281034,The Gravity of Us,Phil Stamper,"Stamper, Phil",,"=""1547600144""","=""9781547600144""",4.0,Bloomsbury YA,Hardcover,314,2020,2020,2026/02/09,2025/09/02,,,read,,,,1,0
209362596,Thy Kingdom Come,Ariana Tosado,"Tosado, Ariana",,"=""""","=""9798989728305""",0,Ariana Tosado,Paperback,536,2024,,,2026/02/05,to-read,to-read (#434),to-read,,,,0,0
199532064,"The Brightness Between Us (The Darkness Outside Us, #2)",Eliot Schrefer,"Schrefer, Eliot",,"=""0063343762""","=""9780063343764""",5.0,Clarion Books,Hardcover,441,2024,2024,2026/02/05,2025/06/21,,,read,,,,1,0
12070,"Good Omens: The Nice and Accurate Prophecies of Agnes Nutter, Witch",Neil Gaiman,"Gaiman, Neil",Terry Pratchett,"=""0060853972""","=""9780060853976""",4.0,William Morrow Paperbacks,Paperback,384,2007,1990,2026/01/31,2026/01/23,,,read,4.25,,,1,0
43263520,The Grace Year,Kim Liggett,"Liggett, Kim",,"=""1250145449""","=""9781250145444""",0,Wednesday Books,Hardcover,416,2019,2019,,2026/01/31,to-read,to-read (#433),to-read,,,,0,0
221922267,The Villain's White Halo (Novel) Vol. 1,Hao Da Yi Juan Wei Sheng Zhi,"Zhi, Hao Da Yi Juan Wei Sheng","Suika, Divetus, Yang Huoxiang","=""""","=""9798895611166""",4.0,Seven Seas,Paperback,404,2025,,2026/01/24,2026/01/01,,,read,,,,1,0
220160555,Free Piano [Not Haunted],Whitney Gardner,"Gardner, Whitney",,"=""1665938129""","=""9781665938129""",0,Simon & Schuster Books for Young Readers,Paperback,256,2025,2025,,2026/01/19,to-read,to-read (#432),to-read,,,,0,0
195330557,"Song of the Dark (Song of the Dark, #1)",Bryn Suddarth,"Suddarth, Bryn",,"=""""","=""9798988653004""",0,Neena Books,Kindle Edition,354,2023,,,2026/01/19,to-read,to-read (#431),to-read,,,,0,0
70876231,Ryan and Avery,David Levithan,"Levithan, David",,"=""0399553096""","=""9780399553097""",0,Knopf Books for Young Readers,Hardcover,320,2023,2023,,2026/01/19,to-read,to-read (#430),to-read,,,,0,0
231651181,The Princess Match,Clare Lydon,"Lydon, Clare",,"=""1912019310""","=""9781912019311""",0,Custard Books,Kindle Edition,352,2025,2025,,2026/01/19,to-read,to-read (#429),to-read,,,,0,0
231627122,"First Echo (Echo, #1)",Rebecca A.  Jackson,"Jackson, Rebecca A.",,"=""""","=""""",0,Becca's Books,Kindle Edition,306,2025,,,2026/01/19,to-read,to-read (#428),to-read,,,,0,0
49204960,Perfect on Paper,Sophie Gonzales,"Gonzales, Sophie",,"=""1250769787""","=""9781250769787""",0,Wednesday Books,Hardcover,352,2021,2021,,2026/01/19,to-read,to-read (#427),to-read,,,,0,0
59808187,Never Ever Getting Back Together,Sophie Gonzales,"Gonzales, Sophie",,"=""1250819164""","=""9781250819161""",0,Wednesday Books,Hardcover,384,2022,2022,,2026/01/19,to-read,to-read (#426),to-read,,,,0,0
217420712,Nobody in Particular,Sophie Gonzales,"Gonzales, Sophie",,"=""1250352495""","=""9781250352491""",0,Wednesday Books,Hardcover,352,2025,2025,,2026/01/19,to-read,to-read (#425),to-read,,,,0,0
12962345,"Earth Girl (Earth Girl, #1)",Janet  Edwards,"Edwards, Janet",,"=""0007443498""","=""9780007443499""",0,Harper Voyager,Paperback,358,2012,2012,,2026/01/19,to-read,to-read (#424),to-read,,,,0,0
241673965,Smash or Pass,Birdie Schae,"Schae, Birdie",,"=""""","=""9798217033263""",0,Knopf Books for Young Readers,Hardcover,249,2026,2026,,2026/01/18,to-read,to-read (#422),to-read,,,,0,0
177188980,Not Your Average Jo,Grace K. Shim,"Shim, Grace K.",,"=""0593462769""","=""9780593462768""",0,Kokila,Hardcover,320,2024,2024,,2026/01/18,to-read,to-read (#420),to-read,,,,0,0
231442699,"The Once and Future Queen (The Lives of Guinevere, #1)",Paula Lafferty,"Lafferty, Paula",,"=""1645662896""","=""9781645662891""",0,Erewhon Books,Hardcover,512,2025,2024,,2026/01/10,to-read,to-read (#419),to-read,,,,0,0
56978097,Travelers Along the Way: A Robin Hood Remix (Remixed Classics),Aminah Mae Safi,"Safi, Aminah Mae",,"=""1250771277""","=""9781250771278""",0,Feiwel & Friends,Hardcover,352,2022,2022,,2026/01/05,to-read,to-read (#418),to-read,,,,0,0
53185340,A Clash of Steel: A Treasure Island Remix (Remixed Classics),C.B. Lee,"Lee, C.B.",,"=""""","=""""",0,Feiwel and Friends,Kindle Edition,425,2021,2021,,2026/01/05,to-read,to-read (#417),to-read,,,,0,0
59251247,Self-Made Boys: A Great Gatsby Remix,Anna-Marie McLemore,"McLemore, Anna-Marie",,"=""1250774934""","=""9781250774934""",0,Feiwel & Friends,Hardcover,336,2022,2022,,2026/01/05,to-read,to-read (#416),to-read,,,,0,0
41733839,The Great Gatsby,F. Scott Fitzgerald,"Fitzgerald, F. Scott",Jesmyn Ward,"=""""","=""""",4.0,Scribner,Paperback,180,2018,1925,2026/01/05,2026/01/02,,,read,,,,1,0
199635075,"This Will Be Fun (This Will Be, #1)",E.B. Asher,"Asher, E.B.",,"=""0063371367""","=""9780063371361""",0,Avon,Paperback,416,2024,2024,,2025/12/30,"to-read, physical-tbr","to-read (#411), physical-tbr (#18)",to-read,,,,0,0
57917042,"Anatomy: A Love Story (The Anatomy Duology, #1)",Dana Schwartz,"Schwartz, Dana",,"=""""","=""""",0,Wednesday Books,Hardcover,338,2022,2022,,2025/12/20,"to-read, physical-tbr","to-read (#399), physical-tbr (#17)",to-read,,,,0,0
213993443,Half-Drawn Boy,Suki Fleet,"Fleet, Suki",,"=""""","=""""",0,Stars and Ink Press,Kindle Edition,392,2024,2024,,2025/09/02,"to-read, prorities, physical-tbr","to-read (#303), prorities (#26), physical-tbr (#16)",to-read,,,,0,0
20663770,Death by Black Hole: And Other Cosmic Quandaries,Neil deGrasse Tyson,"Tyson, Neil deGrasse",,"=""039335038X""","=""9780393350388""",0,W. W. Norton & Company,Paperback,384,2014,2006,,2026/01/02,"to-read, physical-tbr","to-read (#414), physical-tbr (#15)",to-read,,,,0,0
59365594,See You Yesterday,Rachel Lynn Solomon,"Solomon, Rachel Lynn",,"=""1665901926""","=""9781665901925""",0,Simon & Schuster Books for Young Readers,Hardcover,419,2022,2022,,2026/01/02,"to-read, physical-tbr","to-read (#413), physical-tbr (#14)",to-read,,,,0,0
188612945,"The Disabled Tyrant’s Beloved Pet Fish: Canji Baojun De Zhangxin Yu Chong (Novel), Vol. 1",Xue Shan Fei Hu,"Hu, Xue Shan Fei",,"=""""","=""9798888432617""",0,Seven Seas,Paperback,436,2024,,,2026/01/01,to-read,to-read (#412),to-read,,,,0,0
61336287,Otherside Picnic 02 (Manga),Iori Miyazawa,"Miyazawa, Iori",Eita Mizuno,"=""1646095847""","=""9781646095841""",5.0,Square Enix Manga,Kindle Edition,224,2022,2019,2025/12/30,2025/12/30,,,read,,,,1,0
235404665,The Take,Kelly Yang,"Yang, Kelly",,"=""0593953371""","=""9780593953372""",0,Berkley,Hardcover,368,2026,2026,,2025/12/29,to-read,to-read (#410),to-read,,,,0,0
230612469,Dawn on the Coast: A Graphic Novel (The Baby-Sitters Club Graphic Novels #19),Arley Nopra,"Nopra, Arley",Ann M. Martin,"=""1546135553""","=""9781546135555""",0,Graphix,Hardcover,192,2026,2026,,2025/12/29,to-read,to-read (#409),to-read,,,,0,0
101141871,"Curious Tides (Drowned Gods, #1)",Pascale Lacelle,"Lacelle, Pascale",,"=""1665939273""","=""9781665939270""",0,Margaret K. McElderry Books,Hardcover,544,2023,2023,,2025/12/29,to-read,to-read (#408),to-read,,,,0,0
210300489,Isles of the Emberdark,Brandon Sanderson,"Sanderson, Brandon",,"=""1938570502""","=""9781938570506""",0,Dragonsteel Entertainment,Hardcover,465,2025,2025,,2025/12/29,to-read,to-read (#407),to-read,,,,0,0
22443261,"The Rithmatist (The Rithmatist, #1)",Brandon Sanderson,"Sanderson, Brandon",,"=""1743532806""","=""9781743532805""",0,Tor UK,Kindle Edition,386,2014,2013,,2025/12/29,to-read,to-read (#406),to-read,,,,0,0
60531416,"Yumi and the Nightmare Painter (Hoid's Travails, #2)",Brandon Sanderson,"Sanderson, Brandon",Aliya Chen,"=""1938570375""","=""9781938570377""",0,Dragonsteel Entertainment,Hardcover,480,2023,2023,,2025/12/29,to-read,to-read (#405),to-read,,,,0,0
17182126,"Steelheart (The Reckoners, #1)",Brandon Sanderson,"Sanderson, Brandon",,"=""0385743564""","=""9780385743563""",0,Delacorte Press,Hardcover,400,2013,2013,,2025/12/29,to-read,to-read (#404),to-read,,,,0,0
221604746,The House Saphir,Marissa Meyer,"Meyer, Marissa",,"=""125032095X""","=""9781250320957""",0,Feiwel & Friends,Hardcover,432,2025,2025,,2025/12/29,to-read,to-read (#403),to-read,,,,0,0
57924157,Otherside Picnic 01 (Manga),Iori Miyazawa,"Miyazawa, Iori",Mizuno Eita,"=""1646095839""","=""9781646095834""",5.0,Square Enix Manga,Kindle Edition,272,2021,2018,2025/12/29,2025/12/29,,,read,,,,1,0
57693621,This Golden State,Marit Weisenberg,"Weisenberg, Marit",,"=""1250786274""","=""9781250786272""",5.0,Flatiron Books,Hardcover,400,2022,2022,2025/12/28,2025/09/02,,,read,,,,1,0
49247173,The Insomniacs,Marit Weisenberg,"Weisenberg, Marit",,"=""1250257352""","=""9781250257352""",0,Flatiron Books,Hardcover,326,2020,2020,,2025/12/25,to-read,to-read (#402),to-read,,,,0,0
12985,The Tempest,William Shakespeare,"Shakespeare, William","Paul Werstine, David Lindley, Israel Gollancz, Barbara A. Mowat, Arthur Wilson Verity, Georg Brandes, G.B. Harrison, William James Rolfe","=""""","=""""",4.0,Washington Square Press,Mass Market Paperback,218,2004,1611,2025/12/24,2025/11/28,,,read,a bit confuddled will do reread soon to become less confuddled overall entertaining play,,,1,0
220427988,"Snowglobe 2 (The Snowglobe Duology, #2)",Soyoung Park,"Park, Soyoung",Joungmin Lee Comfort,"=""024168109X""","=""9780241681091""",0,Penguin,Kindle Edition,438,2025,2021,,2025/12/21,"to-read, series-to-continue","to-read (#401), series-to-continue (#10)",to-read,,,,0,0
222034397,Tailored Realities,Brandon Sanderson,"Sanderson, Brandon",,"=""1250410487""","=""9781250410481""",0,Tor Books,Hardcover,428,2025,2025,,2025/12/21,to-read,to-read (#400),to-read,,,,0,0
181346434,"Royal Scandal (Royal Blood, #2)",Aimee Carter,"Carter, Aimee",,"=""0593485939""","=""9780593485934""",0,Delacorte Press,Hardcover,416,2024,2024,,2025/12/17,to-read,to-read (#398),to-read,,,,0,0
63051209,Dreadful,Caitlin Rozakis,"Rozakis, Caitlin",,"=""1803365471""","=""9781803365473""",0,Titan Books,Paperback,344,2024,2024,,2025/12/15,to-read,to-read (#397),to-read,,,,0,0
36440692,"That Time I Got Reincarnated as a Slime (Light Novel), Vol. 1",Fuse,"Fuse, Fuse",Mitz Vah,"=""1975301102""","=""9781975301101""",0,Yen On,Kindle Edition,304,2017,2014,,2025/12/14,to-read,to-read (#396),to-read,,,,0,0
234002444,I Don't Wish You Well,Jumata Emill,"Emill, Jumata",,"=""059381102X""","=""9780593811023""",0,Delacorte Press,Hardcover,400,2026,2026,,2025/12/13,to-read,to-read (#395),to-read,,,,0,0
208580608,The Elements of Marie Curie: How the Glow of Radium Lit a Path for Women in Science,Dava Sobel,"Sobel, Dava",,"=""0802163823""","=""9780802163820""",5.0,Atlantic Monthly Press,Hardcover,318,2024,2024,2025/12/11,2025/04/22,,,read,,,,1,0
231108721,A Year Without Home,V.T. Bidania,"Bidania, V.T.",,"=""0593697200""","=""9780593697207""",0,Nancy Paulsen Books,Hardcover,432,2026,2026,,2025/12/07,to-read,to-read (#393),to-read,,,,0,0
230733456,Keeper of the Lost Cities The Graphic Novel Part 2: Volume 1,Celina Frenn,"Frenn, Celina","Shannon Messenger, Valeria Tenaga Romanazzi","=""1534463399""","=""9781534463394""",5.0,Aladdin,Paperback,336,2025,2025,2025/12/03,2025/07/28,,,read,,,,1,0
505622,King Edward III,William Shakespeare,"Shakespeare, William",Giorgio Melchiori,"=""0521596734""","=""9780521596732""",0,Cambridge University Press,Paperback,236,1998,1592,,2025/11/29,to-read,to-read (#392),to-read,,,,0,0
652275,The Two Noble Kinsmen,William Shakespeare,"Shakespeare, William",Lois Potter,"=""1904271189""","=""9781904271185""",0,Arden Shakespeare,Paperback,412,1996,1614,,2025/11/29,to-read,to-read (#391),to-read,,,,0,0
82365,King John,William Shakespeare,"Shakespeare, William","Barbara A. Mowat, Paul Werstine","=""0743484983""","=""9780743484985""",0,Simon & Schuster,Mass Market Paperback,352,2006,1981,,2025/11/29,to-read,to-read (#390),to-read,,,,0,0
104805,Timon of Athens,William Shakespeare,"Shakespeare, William","Thomas Middleton, John Jowett","=""0192814974""","=""9780192814975""",0,Oxford University Press,Paperback,384,2004,1605,,2025/11/29,to-read,to-read (#389),to-read,,,,0,0
42068,"King Henry VI, Part 3",William Shakespeare,"Shakespeare, William","Eric Rasmussen, John D. Cox","=""1903436311""","=""9781903436318""",0,The Arden Shakespeare,Paperback,460,2001,1592,,2025/11/29,to-read,to-read (#388),to-read,,,,0,0
424919,"King Henry VI, Part 2",William Shakespeare,"Shakespeare, William","Christopher Marlowe, Ronald Knowles","=""190343663X""","=""9781903436639""",0,Thomson Learning,Paperback,507,1999,1591,,2025/11/29,to-read,to-read (#387),to-read,,,,0,0
104813,Pericles,William Shakespeare,"Shakespeare, William","Barbara A. Mowat, Paul Werstine","=""074327329X""","=""9780743273299""",0,Simon & Schuster,Paperback,247,2005,1608,,2025/11/29,to-read,to-read (#386),to-read,,,,0,0
187444,Henry VIII,William Shakespeare,"Shakespeare, William","Barbara A. Mowat, Paul Werstine","=""0743273303""","=""9780743273305""",0,Simon & Schuster,Mass Market Paperback,296,2007,1613,,2025/11/29,to-read,to-read (#385),to-read,,,,0,0
286792,"Henry VI, Part 1",William Shakespeare,"Shakespeare, William","Stephen Orgel, A.R. Braunmuller","=""0140714650""","=""9780140714654""",0,Penguin Publishing Group,Paperback,123,2000,1592,,2025/11/29,to-read,to-read (#384),to-read,,,,0,0
305510,Cymbeline,William Shakespeare,"Shakespeare, William","Harold Bloom, Gabriele Baldini","=""067172259X""","=""9780671722593""",0,Simon & Schuster,Mass Market Paperback,324,2003,1610,,2025/11/29,to-read,to-read (#383),to-read,,,,0,0
104778,The Merry Wives of Windsor,William Shakespeare,"Shakespeare, William",,"=""1419172662""","=""9781419172663""",0,Kessinger Pub Co,Paperback,156,2004,1597,,2025/11/29,to-read,to-read (#381),to-read,,,,0,0
332489,Love's Labour's Lost,William Shakespeare,"Shakespeare, William",Henry R. Woudhuysen,"=""""","=""""",0,Bloomsbury Arden Shakespeare,Paperback,392,1998,1598,,2025/11/29,to-read,to-read (#380),to-read,,,,0,0
82346,The Two Gentlemen of Verona,William Shakespeare,"Shakespeare, William","Paul Werstine, Barbara A. Mowat","=""0671722956""","=""9780671722951""",0,Simon  Schuster,Mass Market Paperback,245,2006,1594,,2025/11/29,to-read,to-read (#379),to-read,,,,0,0
104790,All's Well That Ends Well,William Shakespeare,"Shakespeare, William","Barbara A. Mowat, Paul Werstine","=""0743484975""","=""9780743484978""",0,Simon & Schuster,Mass Market Paperback,282,2006,1604,,2025/11/29,to-read,to-read (#378),to-read,,,,0,0
108171,Coriolanus,William Shakespeare,"Shakespeare, William","William Aldis Wright, Roma Gill, Francis Fergusson","=""019832006X""","=""9780198320067""",0,Oxford University Press,Paperback,202,2004,1608,,2025/11/29,to-read,to-read (#377),to-read,,,,0,0
34431,"Henry IV, Part Two",William Shakespeare,"Shakespeare, William","David Bevington, David Scott Kastan","=""055321294X""","=""9780553212945""",0,Bantam Classics,Mass Market Paperback,320,1988,1598,,2025/11/29,to-read,to-read (#376),to-read,,,,0,0
82397,Richard II,William Shakespeare,"Shakespeare, William","Roma Gill, Robert          Jackson","=""0198320043""","=""9780198320043""",0,Oxford University Press,Paperback,168,2003,1597,,2025/11/29,to-read,to-read (#375),to-read,,,,0,0
91571,Measure for Measure,William Shakespeare,"Shakespeare, William","Barbara A. Mowat, Paul Werstine","=""0743484908""","=""9780743484909""",0,Simon & Schuster,Paperback,278,2005,1604,,2025/11/29,to-read,to-read (#374),to-read,,,,0,0
72978,Titus Andronicus,William Shakespeare,"Shakespeare, William",,"=""0671722921""","=""9780671722920""",0,Simon & Schuster,Mass Market Paperback,269,2005,1594,,2025/11/29,to-read,to-read (#373),to-read,,,,0,0
13020,"King Henry IV, Part 1",William Shakespeare,"Shakespeare, William",David Scott Kastan,"=""1904271359""","=""9781904271352""",0,Arden Shakespeare,Paperback,398,2002,1597,,2025/11/29,to-read,to-read (#372),to-read,,,,0,0
82356,The Comedy of Errors,William Shakespeare,"Shakespeare, William",,"=""1853262439""","=""9781853262432""",0,Wordsworth Editions,Paperback,112,1995,1594,,2025/11/29,to-read,to-read (#371),to-read,,,,0,0
44133,The Winter's Tale,William Shakespeare,"Shakespeare, William","Susan Snyder, Deborah T. Curren-Aquino","=""0521293731""","=""9780521293730""",0,Cambridge University Press,Paperback,306,2007,1623,,2025/11/29,to-read,to-read (#370),to-read,,,,0,0
104837,Antony and Cleopatra,William Shakespeare,"Shakespeare, William","Paul Werstine, Cynthia Marshall, Ludwig Tieck, August Wilhelm von Schlegel, Barbara A. Mowat, Panteleimon Kulish, Іван Франко, Ivan Franko","=""0743482859""","=""9780743482851""",0,Washington Square Press,Mass Market Paperback,336,2005,1606,,2025/11/29,to-read,to-read (#369),to-read,,,,0,0
37526,Henry V,William Shakespeare,"Shakespeare, William","Michael Neill, Paul Werstine, Barbara A. Mowat","=""0743484878""","=""9780743484879""",0,Washington Square Press,Paperback,294,2004,1599,,2025/11/29,to-read,to-read (#368),to-read,,,,0,0
42058,Richard III,William Shakespeare,"Shakespeare, William",John Jowett,"=""0192839934""","=""9780192839930""",0,Oxford University Press,Paperback,419,2000,1593,,2025/11/29,to-read,to-read (#367),to-read,,,,0,0
42607,As You Like It,William Shakespeare,"Shakespeare, William","Paul Werstine, Barbara A. Mowat","=""074348486X""","=""9780743484862""",0,Simon Schuster,Paperback,263,2011,1599,,2025/11/29,to-read,to-read (#366),to-read,,,,0,0
13006,Julius Caesar,William Shakespeare,"Shakespeare, William","Harold Bloom, Roma Gill, William Allan Neilson","=""0198320272""","=""9780198320272""",0,Oxford University Press,Paperback,175,2002,1599,,2025/11/29,to-read,to-read (#365),to-read,,,,0,0
12938,King Lear,William Shakespeare,"Shakespeare, William",William James Rolfe,"=""""","=""""",0,Simon & Schuster,Mass Market Paperback,339,2004,1605,,2025/11/29,to-read,to-read (#364),to-read,,,,0,0
12957,Much Ado About Nothing,William Shakespeare,"Shakespeare, William","Paul Werstine, Gail Kern Paster, Henry Irving, Barbara A. Mowat, Henry Norman Hudson, Frederick S. Boas, F.H. Mares, Robert          Jackson","=""""","=""""",0,Simon Schuster,Paperback,249,2004,1598,,2025/11/29,to-read,to-read (#363),to-read,,,,0,0
12996,Othello,William Shakespeare,"Shakespeare, William","Barbara A. Mowat, Paul Werstine","=""""","=""""",0,Simon & Schuster,Mass Market Paperback,319,2003,1603,,2025/11/29,to-read,to-read (#362),to-read,,,,0,0
1420,Hamlet,William Shakespeare,"Shakespeare, William","Harold Bloom, Rex Gibson, Israel Gollancz, Henry Norman Hudson, L.A. Sherman, Max J. Herzberg","=""0521618746""","=""9780521618748""",0,Cambridge University Press,Paperback,289,2005,1601,,2025/11/29,to-read,to-read (#361),to-read,,,,0,0
59926998,Romeo and Juliet,William Shakespeare,"Shakespeare, William","Paul Werstine, Barbara A. Mowat","=""""","=""""",0,Simon & Schuster Paperbacks,Mass Market Paperback,304,2011,1590,,2025/11/29,to-read,to-read (#360),to-read,,,,0,0
20698530,"P.S. I Still Love You (To All the Boys I've Loved Before, #2)",Jenny Han,"Han, Jenny",,"=""144242673X""","=""9781442426733""",0,Simon & Schuster Books for Young Readers,Hardcover,337,2015,2015,,2025/11/28,to-read,to-read (#359),to-read,,,,0,0
15749186,"To All the Boys I've Loved Before (To All the Boys I've Loved Before, #1)",Jenny Han,"Han, Jenny",,"=""1442426713""","=""9781442426719""",4.0,Simon & Schuster Books for Young Readers,Paperback,384,2014,2014,2025/11/25,2025/04/07,,,read,4.5,,,1,0
37442,"Wicked: The Life and Times of the Wicked Witch of the West (The Wicked Years, #1)",Gregory Maguire,"Maguire, Gregory",Douglas Smith,"=""""","=""""",0,ReganBooks,Paperback,406,2000,1995,,2025/11/23,to-read,to-read (#358),to-read,,,,0,0
210563230,Outsider Kids: A Parachute Kids Graphic Novel (Parachute Kids #2),Betty C. Tang,"Tang, Betty C.",,"=""1338832727""","=""9781338832723""",5.0,Graphix,Hardcover,288,2025,,2025/11/15,2025/07/16,,,read,,,,1,0
48888168,"Cinder (The Lunar Chronicles, #1)",Marissa Meyer,"Meyer, Marissa",,"=""1250768888""","=""9781250768889""",5.0,Square Fish,Paperback,389,2020,2012,2025/11/14,2024/12/18,,,read,,,,1,0
12401556,The Age of Miracles,Karen Thompson Walker,"Walker, Karen Thompson",,"=""0812983602""","=""9780812983609""",0,Random House,Paperback,294,2012,2012,,2025/11/13,to-read,to-read (#357),to-read,,,,0,0
29662066,Star Wars: Catalyst - A Rogue One Novel,James Luceno,"Luceno, James",,"=""0345511492""","=""9780345511492""",0,Del Rey,Hardcover,330,2016,2016,,2025/11/12,to-read,to-read (#355),to-read,,,,0,0
33876440,"This Mortal Coil (This Mortal Coil, #1)",Emily Suvada,"Suvada, Emily",,"=""1481496336""","=""9781481496339""",0,Simon Pulse,Hardcover,425,2017,2017,,2025/11/12,to-read,to-read (#354),to-read,,,,0,0
58328436,The Ogress and the Orphans,Kelly Barnhill,"Barnhill, Kelly",,"=""1643750747""","=""9781643750743""",0,"Little, Brown Books for Young Readers",Hardcover,392,2022,2022,,2025/11/12,to-read,to-read (#353),to-read,,,,0,0
59594706,The Borrow a Boyfriend Club,Page Powars,"Powars, Page",,"=""0593568583""","=""9780593568606""",0,Delacorte Press,Kindle Edition,352,2023,2023,,2025/11/12,to-read,to-read (#351),to-read,,,,0,0
70917058,There's No Way I'd Die First,Lisa Springer,"Springer, Lisa",,"=""0593643178""","=""9780593643174""",0,Delacorte Press,Hardcover,304,2023,2023,,2025/11/12,to-read,to-read (#350),to-read,,,,0,0
57370115,Highly Suspicious and Unfairly Cute,Talia Hibbert,"Hibbert, Talia",,"=""""","=""9780593482346""",0,Joy Revolution,ebook,336,2023,2023,,2025/11/12,to-read,to-read (#349),to-read,,,,0,0
58438080,A Wilderness of Stars,Shea Ernshaw,"Ernshaw, Shea",,"=""1665900245""","=""9781665900249""",0,Simon & Schuster Books for Young Readers,Hardcover,400,2022,2022,,2025/11/12,to-read,to-read (#348),to-read,,,,0,0
196038712,Bingsu for Two,Sujin Witherspoon,"Witherspoon, Sujin",,"=""1454954027""","=""9781454954026""",5.0,Union Square & Co.,Hardcover,320,2025,2025,2025/11/09,2025/03/13,,,read,4.5,,,1,0
235854914,I Hope This Finds You,Ann Liang,"Liang, Ann",,"=""""","=""9798225013813""",0,Scholastic,ebook,103,2025,2025,,2025/11/04,to-read,to-read (#347),to-read,,,,0,0
214206981,"Spy x Family, Vol. 13",Tatsuya Endo,"Endo, Tatsuya",,"=""1974753247""","=""9781974753246""",4.0,VIZ Media: SHONEN JUMP,Kindle Edition,204,2025,2024,2025/10/27,2025/10/27,,,read,,,,1,0
200093524,"Spy x Family, Vol. 12",Tatsuya Endo,"Endo, Tatsuya",,"=""197474860X""","=""9781974748600""",4.0,VIZ Media: SHONEN JUMP,Kindle Edition,208,2024,2023,2025/10/27,2025/10/25,,,read,,,,1,0
39280444,Speak,Laurie Halse Anderson,"Anderson, Laurie Halse",,"=""0374311250""","=""9780374311254""",0,"Farrar, Straus and Giroux (BYR)",Hardcover,224,2019,1999,,2025/10/26,to-read,to-read (#329),to-read,,,,0,0
177618269,"Spy x Family, Vol. 11",Tatsuya Endo,"Endo, Tatsuya",,"=""1974745066""","=""9781974745067""",5.0,VIZ Media: SHONEN JUMP,Kindle Edition,208,2024,2023,2025/10/25,2025/10/25,,,read,,,,1,0
107525465,"Spy x Family, Vol. 10",Tatsuya Endo,"Endo, Tatsuya",,"=""1974742008""","=""9781974742004""",5.0,VIZ Media: SHONEN JUMP,Kindle Edition,199,2023,2022,2025/10/25,2025/10/24,,,read,,,,1,0
25067046,Lost Stars (Star Wars),Claudia Gray,"Gray, Claudia",,"=""1484724984""","=""9781484724989""",4.0,Disney Lucasfilm Press,Hardcover,551,2015,2015,2025/10/24,2024/12/18,,,read,,,,1,0
226743718,The Secret Astronomers,Jessica Walker,"Walker, Jessica",,"=""0593692675""","=""9780593692677""",5.0,Viking Books for Young Readers,Hardcover,304,2025,2025,2025/10/20,2025/06/01,,,read,,,,1,0
227786466,On Starlit Shores: A Graphic Novel,Bex Glendining,"Glendining, Bex",,"=""1419765043""","=""9781419765049""",4.0,Harry N. Abrams,Hardcover,192,2025,2025,2025/10/15,2025/06/01,,,read,,,,1,0
286957,The Yellow Wall-Paper,Charlotte Perkins Gilman,"Gilman, Charlotte Perkins",Elaine R. Hedges,"=""1558611584""","=""9781558611580""",0,The Feminist Press at CUNY,Paperback,62,1996,1892,,2025/10/13,to-read,to-read (#326),to-read,,,,0,0
17851885,I Am Malala: The Story of the Girl Who Stood Up for Education and Was Shot by the Taliban,Malala Yousafzai,"Yousafzai, Malala",Christina Lamb,"=""0316322407""","=""9780316322409""",0,"Little, Brown and Company",Hardcover,327,2013,2012,,2025/10/11,to-read,to-read (#325),to-read,,,,0,0
57899793,All My Rage,Sabaa Tahir,"Tahir, Sabaa",,"=""0593202341""","=""9780593202340""",0,Razorbill,Hardcover,376,2022,2022,,2025/10/11,to-read,to-read (#324),to-read,,,,0,0
25657130,All American Boys,Jason Reynolds,"Reynolds, Jason",Brendan Kiely,"=""1481463330""","=""9781481463331""",0,Atheneum/Caitlyn Dlouhy Books,Hardcover,316,2015,2015,,2025/10/11,to-read,to-read (#323),to-read,,,,0,0
36142487,Anger Is a Gift,Mark Oshiro,"Oshiro, Mark",,"=""1250167027""","=""9781250167026""",0,Tor Teen,Hardcover,463,2018,2018,,2025/10/11,to-read,to-read (#322),to-read,,,,0,0
35068534,Monday's Not Coming,Tiffany D. Jackson,"Jackson, Tiffany D.",,"=""0062422693""","=""9780062422699""",0,Katherine Tegen Books,ebook,448,2018,2018,,2025/10/11,to-read,to-read (#320),to-read,,,,0,0
40519259,Shout,Laurie Halse Anderson,"Anderson, Laurie Halse",,"=""0670012106""","=""9780670012107""",0,Viking Books,Hardcover,304,2019,2019,,2025/10/11,to-read,to-read (#319),to-read,,,,0,0
128592514,Straight Expectations,Calum McSwiggan,"McSwiggan, Calum",,"=""1454951672""","=""9781454951674""",4.0,Union Square & Co.,Kindle Edition,338,2023,,2025/10/09,2025/02/02,,,read,4.5,,,1,0
57406422,Quantum Physics for Beginners: From Wave Theory to Quantum Computing. Understanding How Everything Works by a Simplified Explanation of Quantum Physics and Mechanics Principles,Carl J. Pratt,"Pratt, Carl J.",,"=""""","=""""",0,,Kindle Edition,106,2021,,,2025/10/07,to-read,to-read (#318),to-read,,,,0,0
6472451,Ash,Malinda Lo,"Lo, Malinda",,"=""0316040096""","=""9780316040099""",0,"Little, Brown Books for Young Readers",Hardcover,264,2009,2009,,2025/10/07,to-read,to-read (#317),to-read,,,,0,0
58884724,Milo and Marcos at the End of the World,Kevin Christopher Snipes,"Snipes, Kevin Christopher",,"=""0063062569""","=""9780063062566""",0,HarperCollins,Hardcover,376,2022,2022,,2025/10/07,to-read,to-read (#316),to-read,,,,0,0
51094449,"Mad, Bad & Dangerous to Know",Samira Ahmed,"Ahmed, Samira",,"=""1616959894""","=""9781616959890""",0,Soho Teen,Hardcover,327,2020,2020,,2025/10/07,to-read,to-read (#315),to-read,,,,0,0
228479248,The Singular Life of Aria Patel,Samira Ahmed,"Ahmed, Samira",,"=""0316548685""","=""9780316548687""",0,"Little, Brown Books for Young Readers",Hardcover,368,2025,2025,,2025/10/07,to-read,to-read (#314),to-read,,,,0,0
31207017,"Love, Hate & Other Filters",Samira Ahmed,"Ahmed, Samira",,"=""1616958472""","=""9781616958473""",0,Soho Teen,Hardcover,281,2018,2018,,2025/10/07,to-read,to-read (#313),to-read,,,,0,0
216724320,If We Were a Movie,Zakiya N. Jamal,"Jamal, Zakiya N.",,"=""0063359944""","=""9780063359949""",0,HarperCollins,Hardcover,320,2025,2025,,2025/10/02,to-read,to-read (#312),to-read,,,,0,0
50735153,The Metamorphosis,Franz Kafka,"Kafka, Franz",Ian C. Johnston,"=""1542019249""","=""9781542019248""",3.0,AmazonClassics,Kindle Edition,67,2019,1915,2025/10/02,2025/09/25,,,read,,,,1,0
204308396,Joy to the Girls: A She Gets the Girl Novella,Rachael Lippincott,"Lippincott, Rachael",Alyson Derrick,"=""""","=""""",0,Simon & Schuster Books for Young Readers,Hardcover,220,2025,2025,2025/09/28,2025/06/01,,,read,,,,1,0
207567789,I Was Told There Would Be Romance,Marie Arnold,"Arnold, Marie",,"=""0316568007""","=""9780316568005""",0,"Little, Brown Books for Young Readers",Hardcover,224,2024,2024,,2025/09/27,to-read,to-read (#311),to-read,,,,0,0
58311954,I Rise,Marie Arnold,"Arnold, Marie",,"=""0358449049""","=""9780358449041""",0,Versify,Hardcover,320,2022,2022,,2025/09/27,to-read,to-read (#310),to-read,,,,0,0
62794544,Fake Dates and Mooncakes,Sher Lee,"Lee, Sher",,"=""0593569954""","=""9780593569955""",5.0,Underlined,Paperback,272,2023,2023,2025/09/26,2025/03/13,,,read,4.5,,,1,0
221770379,Love Stories (The Taylors Version #1),Elizabeth Eulberg,"Eulberg, Elizabeth",,"=""154617673X""","=""9781546176732""",3.0,Scholastic Inc.,Paperback,272,2025,2025,2025/09/25,2025/08/26,,,read,,,,1,0
214998722,Let Them Stare,Jonathan Van Ness,"Ness, Jonathan Van",Julie   Murphy,"=""0063346249""","=""9780063346246""",0,Storytide,Hardcover,336,2025,2025,,2025/09/21,"to-read, advanced-copies, physical-tbr","to-read (#306), advanced-copies (#81), physical-tbr (#11)",to-read,,,,0,0
217223402,"I Can't Even Think Straight: A Young Adult Novel in Verse About Queer Identity, Love, and Coming Out",Dean Atta,"Atta, Dean",,"=""0063158035""","=""9780063158030""",0,Quill Tree Books,Hardcover,304,2025,2025,,2025/09/21,"to-read, advanced-copies, physical-tbr","to-read (#308), advanced-copies (#82), physical-tbr (#12)",to-read,,,,0,0
44901877,When You Trap a Tiger,Tae Keller,"Keller, Tae",,"=""1524715700""","=""9781524715700""",0,Random House Books for Young Readers,Hardcover,297,2020,2020,,2025/08/18,to-read,to-read (#296),to-read,,,,0,0
22402972,Fish in a Tree,Lynda Mullaly Hunt,"Hunt, Lynda Mullaly",,"=""0399162593""","=""9780399162596""",0, Nancy Paulsen Books,Hardcover,288,2015,2015,,2025/08/18,to-read,to-read (#295),to-read,,,,0,0
49291330,I Think I Love You (Underlined Paperbacks),Auriane Desombre,"Desombre, Auriane",,"=""0593179765""","=""9780593179765""",0,Underlined,Paperback,320,2021,2021,,2025/07/03,"to-read, physical-tbr","to-read (#276), physical-tbr (#10)",to-read,,,,0,0
53410874,"Barefoot Dreams of Petra Luna (Petra Luna, #1)",Alda P. Dobbs,"Dobbs, Alda P.",,"=""1728234654""","=""9781728234656""",0,Sourcebooks,Hardcover,273,2021,2021,,2025/08/18,to-read,to-read (#294),to-read,,,,0,0
176443877,Otherworldly,F.T. Lukens,"Lukens, F.T.",,"=""1665916257""","=""9781665916257""",0,Margaret K. McElderry Books,Hardcover,343,2024,2024,,2025/07/01,"to-read, prorities, physical-tbr","to-read (#273), prorities (#23), physical-tbr (#9)",to-read,,,,0,0
58651625,The Hate U Give,Angie Thomas,"Thomas, Angie",,"=""""","=""""",0,Balzer + Bray,Hardcover,444,2017,2017,,2025/05/28,to-read,to-read (#205),to-read,,,,0,0
42898382,Middletown,Sarah Moon,"Moon, Sarah",,"=""1646141075""","=""9781646141074""",0,Levine Querido,Kindle Edition,283,2021,2021,,2025/05/22,"to-read, physical-tbr","to-read (#201), physical-tbr (#8)",to-read,,,,0,0
182484360,The Reappearance of Rachel Price,Holly  Jackson,"Jackson, Holly",,"=""0593374207""","=""9780593374207""",0,Delacorte Press,Hardcover,438,2024,2024,,2025/04/22,"to-read, tik-tok-book","to-read (#183), tik-tok-book (#1)",to-read,,,,0,0
53194069,Practice Girl,Estelle Laure,"Laure, Estelle",,"=""059335091X""","=""9780593350911""",0,Viking,Hardcover,368,2022,2022,,2025/04/13,"to-read, physical-tbr","to-read (#177), physical-tbr (#4)",to-read,,,,0,0
56978089,"A Magic Steeped in Poison (The Book of Tea, #1)",Judy I. Lin,"Lin, Judy I.",,"=""1250767083""","=""9781250767080""",0,Feiwel and Friends,Hardcover,384,2022,2022,,2025/02/02,"to-read, physical-tbr","to-read (#69), physical-tbr (#3)",to-read,,,,0,0
223338983,The Scammer,Tiffany D. Jackson,"Jackson, Tiffany D.",,"=""0063271273""","=""9780063271272""",5.0,Quill Tree Books,Hardcover,358,2025,2025,2025/09/17,2025/06/01,,,read,,,,1,0
173956216,The First State of Being,Erin Entrada Kelly,"Kelly, Erin Entrada",,"=""0063337312""","=""9780063337312""",0,Greenwillow Books,Hardcover,272,2024,2024,,2025/09/17,to-read,to-read (#305),to-read,,,,0,0
205435914,Sixteen Minutes,K.J. Reilly,"Reilly, K.J.",,"=""0593620054""","=""9780593620052""",5.0,Nancy Paulsen Books,Hardcover,352,2024,2024,2025/09/15,2024/12/18,,,read,,,,1,0
199897763,"Love, Off the Record",Samantha Markum,"Markum, Samantha",,"=""""","=""""",0,Margaret K. McElderry Books,Kindle Edition,416,2024,2024,,2024/12/18,to-read,to-read (#7),to-read,,,,0,0
224003758,The Siren and the Star,Colby Cedar Smith,"Smith, Colby Cedar",,"=""1665972173""","=""9781665972178""",5.0,Simon & Schuster Books for Young Readers,Hardcover,544,2025,2025,2025/09/12,2025/06/18,,,read,,,,1,0
43261110,Emmy in the Key of Code,Aimee Lucido,"Lucido, Aimee",,"=""0358040825""","=""9780358040828""",5.0,Versify,Hardcover,416,2019,2019,2025/09/07,2025/09/01,,,read,time for 5th (at least) reread?<br/><br/>i freaking love this book,,,1,0
123204569,The Queer Girl is Going to Be Okay,Dale Walls,"Walls, Dale",,"=""1646142705""","=""9781646142705""",4.0,Levine Querido,Hardcover,272,2023,2023,2025/09/07,2025/05/04,,,read,,,,1,0
60898716,"Stars, Hide Your Fires",Jessica Mary  Best,"Best, Jessica Mary",,"=""""","=""""",0,Quirk Books,Hardcover,304,2023,2023,,2025/07/04,"to-read, prorities","to-read (#279), prorities (#24)",to-read,,,,0,0
54017928,Nothing Can Possibly Go Wrong,Prudence Shen,"Shen, Prudence",Faith Erin Hicks,"=""1250779618""","=""9781250779618""",0,First Second,Paperback,288,2021,2013,,2025/06/30,"to-read, prorities","to-read (#272), prorities (#22)",to-read,,,,0,0
199116957,Pride or Die,CL Montblanc,"Montblanc, CL",,"=""1250340470""","=""9781250340474""",0,Wednesday Books,Hardcover,336,2025,2025,,2025/06/01,"to-read, prorities","to-read (#207), prorities (#21)",to-read,,,,0,0
221805141,Sanctuary (Star Wars: Bad Batch),Lamar Giles,"Giles, Lamar",,"=""0593874463""","=""9780593874462""",0,Random House Worlds,Hardcover,320,2025,2025,,2025/05/14,"to-read, prorities","to-read (#196), prorities (#20)",to-read,,,,0,0
125645022,Just Happy to Be Here,Naomi Kanakia,"Kanakia, Naomi",,"=""0063216574""","=""9780063216570""",0,HarperCollins,Hardcover,310,2024,2024,,2025/05/04,"to-read, prorities","to-read (#188), prorities (#18)",to-read,,,,0,0
199798145,Unbecoming,Seema Yasmin,"Yasmin, Seema",,"=""1665938447""","=""9781665938440""",0,Simon & Schuster Books for Young Readers,Hardcover,352,2024,2024,,2025/03/28,"to-read, prorities","to-read (#161), prorities (#16)",to-read,,,,0,0
36245537,Bloom Into You Vol. 1,Nio Nakatani,"Nakatani, Nio",,"=""""","=""""",0,Seven Seas,Kindle Edition,188,2017,2015,,2025/03/01,"to-read, graphic-novels, prorities","to-read (#113), graphic-novels (#9), prorities (#12)",to-read,,,,0,0
46223472,The Marvelous,Claire Kann,"Kann, Claire",,"=""1250192706""","=""9781250192707""",0,Swoon Reads,Kindle Edition,288,2021,2021,,2025/03/11,"to-read, prorities","to-read (#129), prorities (#13)",to-read,,,,0,0
111672538,Dear Wendy,Ann Zhao,"Zhao, Ann",,"=""1250885000""","=""9781250885005""",0,Feiwel & Friends,Hardcover,368,2024,2024,,2024/12/18,"to-read, prorities","to-read (#42), prorities (#7)",to-read,,,,0,0
56197478,Act Cool,Tobly McSmith,"McSmith, Tobly",,"=""0063038560""","=""9780063038561""",0,Quill Tree Books,Hardcover,352,2021,2021,,2024/12/18,"to-read, prorities","to-read (#8), prorities (#3)",to-read,,,,0,0
59435185,I'm Not Here to Make Friends,Andrew  Yang,"Yang, Andrew",,"=""0063223279""","=""9780063223271""",0,Quill Tree Books,Hardcover,352,2023,2023,,2024/12/18,"to-read, prorities","to-read (#1), prorities (#1)",to-read,,,,0,0
60690918,"Spy x Family, Vol. 8",Tatsuya Endo,"Endo, Tatsuya",,"=""1974735001""","=""9781974735006""",4.0,VIZ Media: SHONEN JUMP,Kindle Edition,216,2022,2021,2025/09/06,2025/03/13,,,read,,,,1,0
58437726,Gone Dark,Amanda Panitch,"Panitch, Amanda",,"=""1534466312""","=""9781534466319""",4.0,Margaret K. McElderry Books,Hardcover,448,2022,2022,2025/09/06,2024/12/18,,,read,,,,1,0
28820556,"My Hero Academia, Vol. 3: All Might",Kohei Horikoshi,"Horikoshi, Kohei",,"=""1421589435""","=""9781421589435""",4.0,SHONEN JUMP,Kindle Edition,192,2016,2015,2025/09/03,2025/08/25,,,read,,,,1,0
32469736,The Disasters,M.K. England,"England, M.K.",,"=""0062657674""","=""9780062657671""",0,HarperCollins,Hardcover,352,2018,2018,,2025/09/02,to-read,to-read (#301),to-read,,,,0,0
198494033,Roll for Love,M.K. England,"England, M.K.",,"=""0762488174""","=""9780762488179""",0,Running Press Kids,Hardcover,272,2025,2025,,2025/09/02,to-read,to-read (#300),to-read,,,,0,0
36233085,"Once & Future (Once & Future, #1)",A.R. Capetta,"Capetta, A.R.",Cory McCarthy,"=""""","=""""",0,"Little, Brown and Company",Hardcover,336,2019,2019,,2025/09/02,to-read,to-read (#299),to-read,,,,0,0
58784518,The Noh Family,Grace K. Shim,"Shim, Grace K.",,"=""0593462734""","=""9780593462737""",0,Kokila,Hardcover,384,2022,2022,,2025/09/02,to-read,to-read (#298),to-read,,,,0,0
224003187,You Had Me at Hello World,Rona Wang,"Wang, Rona",,"=""1534488510""","=""9781534488519""",2.0,Simon & Schuster Books for Young Readers,Hardcover,320,2025,2025,2025/06/19,2025/06/01,,,read,,,,1,0
203547665,Something's About to Blow Up,Sam  Blake,"Blake, Sam",,"=""0717197166""","=""9780717197163""",0,Gill Books,Paperback,320,2024,2024,,2025/08/31,to-read,to-read (#297),to-read,,,,0,0
30739079,All We Have Left,Wendy Mills,"Mills, Wendy",,"=""1619633442""","=""9781619633445""",0,Bloomsbury USA Children's,Kindle Edition,368,2016,2016,,2025/07/16,to-read,to-read (#282),to-read,,,,0,0
223889003,The Stripe and the Star (Horizon #3),Makenna J. Myers,"Myers, Makenna J.",,"=""1631639528""","=""9781631639524""",5.0,Jolly Fish Press,Paperback,160,2025,,2025/08/30,2025/06/01,,,read,,,,1,0
223854914,Angelica and the Bear Prince,Trung Le Nguyen,"Nguyen, Trung Le",,"=""0593125479""","=""9780593125472""",5.0,Random House Graphic,Hardcover,224,2025,2025,2025/08/30,2025/08/26,,,read,,,,1,0
126062562,"The Assassin's Blade (Throne of Glass, #0.1-0.5)",Sarah J. Maas,"Maas, Sarah J.",,"=""1619632217""","=""9781619632219""",3.0,Bloomsbury Publishing,Kindle Edition,451,2023,2014,2025/08/28,2025/08/17,,,read,3.5<br/><br/>Pirate Lord - 4<br/>Healer - 4.5<br/>Desert - 4.5<br/>Underworld - 2.5<br/>Empire - 2.75,,,1,0
181736590,Signed Sealed Dead,Cynthia Murphy,"Murphy, Cynthia",,"=""0702318523""","=""9780702318528""",0,Scholastic,Paperback,340,2024,2024,,2025/08/18,to-read,to-read (#293),to-read,,,,0,0
225699546,"Sisters in the Wind (Firekeeper's Daughter, #3)",Angeline Boulley,"Boulley, Angeline",,"=""1250328535""","=""9781250328533""",4.0,Henry Holt and Co. (BYR),Hardcover,370,2025,2025,2025/08/17,2025/06/03,,,read,,,,1,0
66087040,The Last Girls Standing,Jennifer Dugan,"Dugan, Jennifer",,"=""0593532074""","=""9780593532072""",0,G.P. Putnam's Sons Books for Young Readers,Hardcover,320,2023,2023,,2025/08/15,to-read,to-read (#292),to-read,,,,0,0
59883558,Coven: A Graphic Novel,Jennifer Dugan,"Dugan, Jennifer",Kit Seaton,"=""0593112180""","=""9780593112182""",4.0,G.P. Putnam's Sons Books for Young Readers,Paperback,288,2022,2022,2025/08/15,2025/08/15,,,read,,,,1,0
62870380,The Probability of Everything,Sarah Everett,"Everett, Sarah",,"=""006325655X""","=""9780063256552""",5.0,Clarion Books,Hardcover,336,2023,2023,2025/08/15,2025/03/28,,,read,,,,1,0
58706120,"Last Seen Online (Gottie Writes, #1)",Lauren   James,"James, Lauren",Wren James,"=""1406397393""","=""9781406397390""",0,Walker Books,Paperback,314,2024,2024,,2025/08/15,to-read,to-read (#291),to-read,,,,0,0
54828085,Green Rising,Wren James,"James, Wren",Lauren   James,"=""""","=""""",0,Walker Books,Paperback,370,2021,2021,,2025/08/15,to-read,to-read (#290),to-read,,,,0,0
51906350,The Reckless Afterlife of Harriet Stoker,Lauren   James,"James, Lauren",Wren James,"=""1406391123""","=""9781406391121""",0,Walker Books,Paperback,425,2020,2020,,2025/08/15,to-read,to-read (#289),to-read,,,,0,0
23266378,"The Next Together (The Next Together, #1)",Lauren   James,"James, Lauren",Wren James,"=""1406358053""","=""9781406358056""",0,Walker,Paperback,356,2015,2015,,2025/08/15,to-read,to-read (#288),to-read,,,,0,0
32716442,The Quiet at the End of the World,Lauren   James,"James, Lauren",Wren James,"=""1406375519""","=""9781406375510""",5.0,Walker Books,Paperback,352,2019,2019,2025/08/14,2025/08/12,,,read,4.5,,,1,0
58724914,Home Field Advantage,Dahlia Adler,"Adler, Dahlia",,"=""1250765846""","=""9781250765840""",0,Wednesday Books,Hardcover,304,2022,2022,,2025/08/12,to-read,to-read (#287),to-read,,,,0,0
195532418,Playing for Keeps,Jennifer Dugan,"Dugan, Jennifer",,"=""0593696867""","=""9780593696866""",0,G.P. Putnam's Sons Books for Young Readers,Hardcover,320,2024,2024,,2025/08/12,to-read,to-read (#286),to-read,,,,0,0
55953018,"Demon Slayer: Kimetsu no Yaiba, Vol. 19: Flapping Butterfly Wings (Kimetsu no Yaiba, #19)",Koyoharu Gotouge,"Gotouge, Koyoharu",,"=""1974724255""","=""9781974724253""",4.0,VIZ Media: SHONEN JUMP,Kindle Edition,192,2020,2020,2025/08/07,2025/08/03,,,read,,,,1,0
51175739,The Henna Wars,Adiba Jaigirdar,"Jaigirdar, Adiba",,"=""1624149685""","=""9781624149689""",5.0,Page Street Kids,Hardcover,387,2020,2020,2025/08/06,2024/12/18,,,read,,,,1,0
35140599,All Out: The No-Longer-Secret Stories of Queer Teens throughout the Ages,Saundra Mitchell,"Mitchell, Saundra","Malinda Lo, Robin Talley, Mackenzi Lee, Kody Keplinger, Elliot Wake, Anna-Marie McLemore, Shaun David Hutchinson, Dahlia Adler, Tess Sharpe, Kate Scelsa, Natalie C. Parker, Sara Farizan, Nilah Magruder, Tessa  Gratton, Tehlor Kay Mejia, Alex   Sanchez, Scott Tracey","=""133547045X""","=""9781335470454""",0,Harlequin Teen,Hardcover,368,2018,2018,,2025/08/05,to-read,to-read (#285),to-read,,,,0,0
210563353,Fresh Start,Gale Galligan,"Galligan, Gale",,"=""1338045849""","=""9781338045840""",4.0,Graphix,Paperback,288,2025,2025,2025/08/04,2025/02/19,,,read,3.5,,,1,0
40591956,Hurricane Season,Nicole Melleby,"Melleby, Nicole",,"=""1616209062""","=""9781616209063""",0,"Little, Brown Books for Young Readers",Hardcover,288,2019,2019,,2025/08/04,to-read,to-read (#284),to-read,,,,0,0
57737479,Camp QUILTBAG,Nicole Melleby,"Melleby, Nicole",A. J. Sass,"=""1643752669""","=""9781643752662""",0,Algonquin Young Readers,Hardcover,352,2023,2023,,2025/08/04,to-read,to-read (#283),to-read,,,,0,0
210395729,Our Infinite Fates,Laura   Steven,"Steven, Laura",,"=""1250333881""","=""9781250333889""",5.0,Wednesday Books,Hardcover,352,2025,2025,2025/08/03,2025/06/19,,,read,This is not another straight white smutty romantasy!!!!! idk why it wasn’t marketed as queer bc it totally is and i am so thankful that it was. why are there barely any queer tiktok books???? both “book girlies” and queer readers would love this! HIGHLY RECOMMEND unless u are a homphobe/transphobe/racist ,,,1,0
191746545,Wide Awake Now,David Levithan,"Levithan, David",,"=""0593706978""","=""9780593706978""",5.0,Knopf Books for Young Readers,Hardcover,272,2024,2024,2025/08/03,2025/07/04,,,read,,,,1,0
55857807,"Demon Slayer: Kimetsu no Yaiba, Vol. 18: Assaulted by Memories (Kimetsu no Yaiba, #18)",Koyoharu Gotouge,"Gotouge, Koyoharu",,"=""1974723755""","=""9781974723751""",4.0,VIZ Media: SHONEN JUMP,Kindle Edition,192,2020,2019,2025/08/02,2025/03/13,,,read,,,,1,0
44084665,The Ones We're Meant to Find,Joan He,"He, Joan",,"=""125025857X""","=""9781250258571""",4.0,Roaring Brook,Kindle Edition,384,2021,2021,2025/08/01,2025/07/03,,,read,,,,1,0
78299240,Full Shift: A Graphic Novel,Jennifer Dugan,"Dugan, Jennifer",Kristen Seaton,"=""0593529855""","=""9780593529850""",3.0,G.P. Putnam's Sons Books for Young Readers,Paperback,256,2024,2024,2025/07/30,2025/03/11,,,read,3.5,,,1,0
220160004,Latina Superheroes: Jalisco & Santa (Volume 1),Kayden Phoenix,"Phoenix, Kayden","Amanda Julina Gonzalez, Eva Cabrera, Hannah Diaz, Gloria Felix, Mirelle Ortega, Addy Rivera Sonda, Sandra Romero","=""1524892580""","=""9781524892586""",4.0,Andrews McMeel Publishing,Paperback,128,2025,,2025/07/24,2025/06/01,,,read,3.5,,,1,0
210331616,Split the Sky,Marie Arnold,"Arnold, Marie",,"=""0316582875""","=""9780316582872""",5.0,"Little, Brown Books for Young Readers",Hardcover,304,2025,2025,2025/07/22,2025/06/03,,,read,Wow. Just wow. What an incredibly powerful book. It gave me a new perspective on the world and everyone should read it,,,1,0
58857822,My Mechanical Romance,Alexene Farol Follmuth,"Follmuth, Alexene Farol",,"=""0823450104""","=""9780823450107""",5.0,Holiday House,Hardcover,272,2022,2022,2025/07/21,2025/07/18,,,read,gave me high school robotics nostalgia,,,1,0
204042,"Naruto, Vol. 1: Uzumaki Naruto (Naruto, #1)",Masashi Kishimoto,"Kishimoto, Masashi",,"=""1569319006""","=""9781569319000""",4.0,VIZ Media,Paperback ,187,2014,2000,2025/07/17,2025/07/01,,,read,,,,1,0
216524257,I Want to Love You Till Your Dying Day 2,Nachi Aono,"Aono, Nachi",あおのなち,"=""""","=""9798888773819""",0,Kodansha Comics,Paperback,176,2025,,,2025/07/16,to-read,to-read (#281),to-read,,,,0,0
213619863,I Want to Love You Till Your Dying Day 1,Nachi Aono,"Aono, Nachi",あおのなち,"=""""","=""9798888773802""",5.0,Kodansha Comics,Paperback,176,2025,,2025/07/16,2025/07/16,,,read,,,,1,0
199463714,Hearts Overboard,Becky Dean,"Dean, Becky",,"=""0593647858""","=""9780593647851""",0,Delacorte Romance,Kindle Edition,364,2024,2024,,2025/07/14,to-read,to-read (#280),to-read,,,,0,0
8580931,"The Word for World is Forest (Hainish Cycle, #5)",Ursula K. Le Guin,"Guin, Ursula K. Le",,"=""""","=""""",2.0,Tor Books,Kindle Edition,189,2010,1972,2025/07/14,2025/03/07,,,read,i have no idea what just happened i am so confused ,,,1,0
222176556,The Steps,Wendelin Van Draanen,"Draanen, Wendelin Van",,"=""082346038X""","=""9780823460380""",4.0,Holiday House,Hardcover,256,2025,2025,2025/07/12,2025/06/03,,,read,wild,,,1,0
53176391,Don't Read the Comments,Eric  Smith,"Smith, Eric",,"=""1335209964""","=""9781335209962""",4.0,Inkyard Press,Paperback,352,2021,2020,2025/07/07,2025/04/10,,,read,4.5,,,1,0
60353769,Convergence (Star Wars: The High Republic),Zoraida Córdova,"Córdova, Zoraida",,"=""0593358635""","=""9780593358634""",0,Random House Worlds,Hardcover,340,2022,2022,,2025/07/04,to-read,to-read (#278),to-read,,,,0,0
62208767,Quest for the Hidden City (Star Wars: The High Republic),George Mann,"Mann, George",Nilah Magruder,"=""1368093906""","=""9781368093903""",3.0,Disney Lucasfilm Press,Kindle Edition,202,2022,2022,2025/07/04,2025/04/07,,,read,,,,1,0
217927376,So Over Sharing,Elissa Brent Weissman,"Weissman, Elissa Brent",,"=""0593857410""","=""9780593857410""",0,Dial Books,Hardcover,336,2025,,,2025/07/03,to-read,to-read (#277),to-read,,,,0,0
198536668,Twelfth Knight,Alexene Farol Follmuth,"Follmuth, Alexene Farol",,"=""1250884896""","=""9781250884893""",0,Tor Teen,Hardcover,320,2024,2024,,2025/07/03,to-read,to-read (#275),to-read,,,,0,0
180724641,Ash's Cabin,Jen Wang,"Wang, Jen",,"=""1250754062""","=""9781250754066""",0,First Second,Paperback,320,2024,2024,,2025/07/03,to-read,to-read (#274),to-read,,,,0,0
25074597,"My Hero Academia, Vol. 1",Kohei Horikoshi,"Horikoshi, Kohei",Caleb D. Cook,"=""1421582694""","=""9781421582696""",5.0,VIZ Media LLC,Paperback,189,2015,2014,2025/07/02,2025/07/01,,,read,,,,1,0
55962377,The One True Me and You,Remi K. England,"England, Remi K.",M.K. England,"=""1250814863""","=""9781250814869""",0,Wednesday Books,Hardcover,272,2022,2022,,2025/06/28,to-read,to-read (#271),to-read,,,,0,0
41016382,"Technically, You Started It",Lana Wood Johnson,"Johnson, Lana Wood",,"=""""","=""""",0,Scholastic Press,Hardcover,384,2019,2019,,2025/06/28,to-read,to-read (#270),to-read,,,,0,0
42368594,The Science of Breakable Things,Tae Keller,"Keller, Tae",,"=""1524715697""","=""9781524715694""",0,Yearling,Paperback,320,2019,2018,,2025/06/28,to-read,to-read (#269),to-read,,,,0,0
54304172,"The Infinity Courts (The Infinity Courts, #1)",Akemi Dawn Bowman,"Bowman, Akemi Dawn",,"=""153445649X""","=""9781534456495""",0,Simon & Schuster Books for Young Readers,Hardcover,465,2021,2021,,2025/06/28,to-read,to-read (#268),to-read,,,,0,0
31931941,Eliza and Her Monsters,Francesca Zappia,"Zappia, Francesca",,"=""0062290134""","=""9780062290137""",0,Greenwillow Books,Hardcover,385,2017,2017,,2025/06/28,to-read,to-read (#267),to-read,,,,0,0
51075452,The Quantum Weirdness of the Almost-Kiss,Amy Noelle Parks,"Parks, Amy Noelle",,"=""1419739727""","=""9781419739729""",0,Harry N. Abrams,Paperback,368,2021,2020,,2025/06/28,to-read,to-read (#266),to-read,,,,0,0
195820774,"Right Here, Right Now",Shannon Dunlap,"Dunlap, Shannon",,"=""0316415421""","=""9780316415422""",0,"Little, Brown Books for Young Readers",Hardcover,288,2024,2024,,2025/06/28,to-read,to-read (#265),to-read,,,,0,0
58321796,TJ Powar Has Something to Prove,Jesmeen Kaur Deo,"Deo, Jesmeen Kaur",,"=""0593403398""","=""9780593403396""",5.0,Viking Books for Young Readers,Hardcover,368,2022,2022,2025/06/25,2025/06/23,,,read,4.5,,,1,0
213847219,Hammajang Luck,Makana Yamamoto,"Yamamoto, Makana",,"=""0063430827""","=""9780063430822""",0,Harper Voyager,Paperback,368,2025,2024,,2025/06/25,to-read,to-read (#264),to-read,,,,0,0
127282939,Beautyland,Marie-Helene Bertino,"Bertino, Marie-Helene",,"=""0374109281""","=""9780374109288""",0,"Farrar, Straus and Giroux",Hardcover,327,2024,2024,,2025/06/25,to-read,to-read (#263),to-read,,,,0,0
216247557,I Love You S'more,Auriane Desombre,"Desombre, Auriane",,"=""0593807545""","=""9780593807545""",4.0,Delacorte Romance,Paperback,256,2025,2025,2025/06/25,2025/03/11,,,read,3.5,,,1,0
221770923,Scepter of Memories,Claribel A. Ortega,"Ortega, Claribel A.",,"=""1546145311""","=""9781546145318""",0,Scholastic Press,Hardcover,352,2025,2025,,2025/06/14,to-read,to-read (#252),to-read,,,,0,0
216522670,Family Week,Sarah Moon,"Moon, Sarah",,"=""0593899601""","=""9780593899601""",0,Knopf Books for Young Readers,Hardcover,208,2025,2025,,2025/05/22,to-read,to-read (#203),to-read,,,,0,0
214269388,A Song for You & I,K. O'Neill,"O'Neill, K.",,"=""0593182308""","=""9780593182307""",4.0,Random House Graphic,Paperback,240,2025,2025,2025/06/23,2025/03/25,,,read,,,,1,0
55200663,"The Darkness Outside Us (The Darkness Outside Us, #1)",Eliot Schrefer,"Schrefer, Eliot",,"=""0062888285""","=""9780062888280""",5.0,Clarion Books,Hardcover,397,2021,2021,2025/06/21,2025/02/02,,,read,ALDJFJKDKDJFKSLFJJFJSKFJ,,,1,0
61082923,Red Threads,Ila Nguyen-Hayama,"Nguyen-Hayama, Ila",,"=""""","=""""",4.0,Abrams/Amulet,Unknown Binding,,2025,2025,2025/06/21,2025/06/20,,,read,4.25,,,1,0
219301793,This Princess Kills Monsters,Ry Herman,"Herman, Ry",,"=""0593733088""","=""9780593733080""",0,Dial Press Trade Paperback,Paperback,416,2025,2025,,2025/06/18,to-read,to-read (#262),to-read,,,,0,0
203579087,The Love Interest (The Love Interest #1),Helen Comerford,"Comerford, Helen",,"=""154761479X""","=""9781547614790""",0,Bloomsbury YA,Hardcover,400,2024,2024,,2025/06/18,to-read,to-read (#256),to-read,,,,0,0
734076,The Demon in the Freezer,Richard   Preston,"Preston, Richard",,"=""0375508562""","=""9780375508561""",3.0,Random House,Hardcover,240,2002,2002,2025/06/17,2025/05/09,,,read,3.5<br/><br/>i feel like this book could be half the length if bro cut out some of the unnecessary descriptions ,,,1,0
222176633,"Death of a Pop Star, Vol. 1",Violet Karim,"Karim, Violet",,"=""1998341461""","=""9781998341467""",5.0,WEBTOON Unscrolled,Paperback,288,2025,,2025/06/16,2025/06/01,,,read,,,,1,0
224003216,A Bite of Pepper,Balazs Lorinczi,"Lorinczi, Balazs",,"=""1665970472""","=""9781665970471""",4.0,Margaret K. McElderry Books,Hardcover,224,2025,2025,2025/06/16,2025/06/01,,,read,,,,1,0
49041,"New Moon (The Twilight Saga, #2)",Stephenie Meyer,"Meyer, Stephenie",,"=""0316160199""","=""9780316160193""",0,"Little, Brown and Company",Hardcover,563,2006,2006,,2025/06/15,to-read,to-read (#253),to-read,,,,0,0
38167114,Internment,Samira Ahmed,"Ahmed, Samira",,"=""0349003343""","=""9780349003344""",5.0,Atom,Paperback,386,2019,2019,2025/06/15,2025/04/21,,,read,,,,1,0
202772937,House of Elephants (Witchlings #3),Claribel A. Ortega,"Ortega, Claribel A.",,"=""1338853848""","=""9781338853841""",5.0,Scholastic Press,Hardcover,432,2024,2024,2025/06/14,2024/12/18,,,read,4.5,,,1,0
60316957,Belle of the Ball,Mari Costa,"Costa, Mari",,"=""1250784131""","=""9781250784131""",4.0,First Second,Hardcover,320,2023,2023,2025/06/08,2024/12/18,,,read,4.5,,,1,0
43864953,Across a Field of Starlight,Blue Delliquanti,"Delliquanti, Blue",,"=""0593124146""","=""9780593124147""",4.0,Random House Graphic,Hardcover,352,2022,2022,2025/06/08,2025/03/29,,,read,3.5,,,1,0
29283087,Braced,Alyson Gerber,"Gerber, Alyson",,"=""0545902142""","=""9780545902144""",0,Scholastic Press,Hardcover,304,2017,2017,,2025/06/07,to-read,to-read (#251),to-read,,,,0,0
52346471,"Firekeeper’s Daughter (Firekeeper's Daughter, #1)",Angeline Boulley,"Boulley, Angeline",,"=""""","=""""",0,"Henry, Holt and Co. (BYR)",Hardcover,496,2021,2021,,2025/06/07,to-read,to-read (#250),to-read,,,,0,0
59837320,Flip the Script,Lyla Lee,"Lee, Lyla",,"=""0062936964""","=""9780062936967""",5.0,Katherine Tegen Books,Kindle Edition,301,2022,2022,2025/06/06,2024/12/18,,,read,,,,1,0
55579526,Last One to Die,Cynthia Murphy,"Murphy, Cynthia",,"=""070230493X""","=""9780702304934""",0,Scholastic,Paperback,294,2021,2021,,2025/02/01,to-read,to-read (#49),to-read,,,,0,0
49434060,The Many Half-Lived Lives of Sam Sylvester,Maya MacGregor,"MacGregor, Maya",,"=""163592359X""","=""9781635923599""",0,Boyd Mills Press,Hardcover,352,2022,2022,,2025/06/04,to-read,to-read (#248),to-read,,,,0,0
32333174,"Want (Want, #1)",Cindy Pon,"Pon, Cindy",,"=""1481489224""","=""9781481489225""",0,Simon & Schuster Books for Young Readers,Hardcover,328,2017,2017,,2025/03/29,to-read,to-read (#167),to-read,,,,0,0
227786677,This Place Kills Me,Mariko Tamaki,"Tamaki, Mariko",Nicole Goux,"=""141976845X""","=""9781419768453""",4.0,Harry N. Abrams,Paperback,272,2025,2025,2025/06/02,2025/06/01,,,read,,,,1,0
28421168,"Renegades (Renegades, #1)",Marissa Meyer,"Meyer, Marissa",,"=""1250044669""","=""9781250044662""",5.0,Feiwel & Friends,Hardcover,552,2017,2017,2025/06/02,2025/03/13,,,read,,,,1,0
216961169,What Comes After,Katie Bayerl,"Bayerl, Katie",,"=""039954528X""","=""9780399545283""",0,Penguin Random House Nancy Paulsen Books,Hardcover,416,2025,,,2025/06/01,to-read,to-read (#208),to-read,,,,0,0
199793393,Girlmode,Magdalene Visaggio,"Visaggio, Magdalene",Paulina Ganucheau,"=""0063060655""","=""9780063060654""",4.0,HarperCollins,Paperback,224,2024,2024,2025/06/01,2025/03/09,,,read,,,,1,0
53533219,Legally Blonde,Amanda Brown,"Brown, Amanda",,"=""""","=""""",0,Diversion Books,Kindle Edition,308,2015,2001,,2025/06/01,to-read,to-read (#206),to-read,,,,0,0
42185079,The Sound of Stars,Alechia Dow,"Dow, Alechia",,"=""""","=""""",4.0,Inkyard Press,Unknown Binding,400,2020,2020,2025/03/08,2024/12/18,,,read,,,,1,0
204590668,Divining the Leaves,Shveta Thakrar,"Thakrar, Shveta",,"=""""","=""""",3.0,HarperTeen,Hardcover,,2025,2025,2025/02/02,2024/12/18,,,read,3.5,,,1,0
200034154,Rosie and the Dreamboat,Sally  Thorne,"Thorne, Sally",,"=""1662520085""","=""9781662520082""",4.0,Amazon Original Stories,Kindle Edition,43,2024,2024,2025/03/30,2025/03/13,,,read,,,,1,0
208496231,Guava and Grudges,Alexis Castellanos,"Castellanos, Alexis",,"=""1547613726""","=""9781547613724""",4.0,Bloomsbury YA,Kindle Edition,330,2024,2024,2025/05/30,2025/04/10,,,read,,,,1,0
220160338,Dad Rock Dragon Quest,Joan  Reardon,"Reardon, Joan",,"=""1665963360""","=""9781665963367""",5.0,Aladdin,Hardcover,352,2025,,2025/05/28,2025/03/26,,,read,,,,1,0
61419641,Firebird,Sunmi,"Sunmi, Sunmi",,"=""006298151X""","=""9780062981516""",5.0,HarperAlley,Paperback,320,2023,2023,2025/05/25,2025/05/04,,,read,,,,1,0
57355923,Star Wars Hunters: Battle for the Arena,Mark Oshiro,"Oshiro, Mark",,"=""1368076033""","=""9781368076036""",0,Random House/Star Wars,Hardcover,384,2023,2023,,2025/03/11,to-read,to-read (#137),to-read,,,,0,0
204232553,Why on Earth,Vania Stoyanova,"Stoyanova, Vania","Rosiee Thor, Alex   Brown, Beth Revis, Emily Lloyd-Jones, Eric  Smith, Julian Winters, Laura Pohl, Maya Gittelman, M.K. England, Rebecca Kim Wells, S.J. Whitby","=""""","=""9798890031617""",0,Page Street YA,Hardcover,336,2025,2025,,2025/03/11,to-read,to-read (#143),to-read,,,,0,0
33163378,Moxie,Jennifer Mathieu,"Mathieu, Jennifer",,"=""1626726353""","=""9781626726352""",0,Roaring Brook Press,Hardcover,330,2017,2017,,2025/03/11,to-read,to-read (#130),to-read,,,,0,0
27969099,"The Changelings (Changelings, #1)",Christina Soontornvat,"Soontornvat, Christina",,"=""1492632600""","=""9781492632603""",0,Sourcebooks Young Readers,Hardcover,288,2016,2016,,2025/03/11,to-read,to-read (#135),to-read,,,,0,0
60524396,Undercover Latina,Aya de León,"León, Aya de",,"=""1536223743""","=""9781536223743""",0,Candlewick Press,Hardcover,320,2022,2022,,2025/03/11,to-read,to-read (#133),to-read,,,,0,0
32856010,"Delicious in Dungeon, Vol. 1",Ryoko Kui,"Kui, Ryoko",Taylor Engel,"=""0316471852""","=""9780316471855""",0,Yen Press,Paperback,192,2017,2015,,2025/03/01,"to-read, graphic-novels","to-read (#115), graphic-novels (#11)",to-read,,,,0,0
49881566,And Then They Stopped Talking to Me: Making Sense of Middle School,Judith Warner,"Warner, Judith",,"=""1101905883""","=""9781101905883""",0,Crown Publishing Group (NY),Hardcover,320,2020,2020,,2025/01/27,to-read,to-read (#48),to-read,,,,0,0
26032825,"The Cruel Prince (The Folk of the Air, #1)",Holly Black,"Black, Holly",,"=""0316310271""","=""9780316310277""",0,"Little, Brown Books for Young Readers",Hardcover,384,2018,2018,,2025/01/17,"to-read, tik-tok-book","to-read (#46), tik-tok-book (#11)",to-read,,,,0,0
199798445,The Blonde Dies First,Joelle Wellington,"Wellington, Joelle",,"=""1665922451""","=""9781665922456""",0,Simon & Schuster Books for Young Readers,Hardcover,336,2024,2024,,2024/12/18,to-read,to-read (#40),to-read,,,,0,0
15724396,"The Sword of Summer (Magnus Chase and the Gods of Asgard, #1)",Rick Riordan,"Riordan, Rick",,"=""1423160916""","=""9781423160915""",0,Disney-Hyperion Books,Hardcover,491,2015,2015,,2024/12/18,to-read,to-read (#36),to-read,,,,0,0
44280822,The Prettiest,Brigit Young,"Young, Brigit",,"=""1626729239""","=""9781626729230""",0,Roaring Brook Press,Hardcover,320,2020,2020,,2024/12/18,to-read,to-read (#13),to-read,,,,0,0
34358905,Sparrow,Sarah Moon,"Moon, Sarah",,"=""9781338032""","=""""",0,Arthur A. Levine Books,Hardcover,272,2017,2017,,2025/05/22,to-read,to-read (#204),to-read,,,,0,0
30971755,A Crack in Creation: Gene Editing and the Unthinkable Power to Control Evolution,Jennifer A. Doudna,"Doudna, Jennifer A.",Samuel H. Sternberg,"=""0544716949""","=""9780544716940""",0,Mariner Books,Hardcover,281,2013,2017,,2025/05/20,to-read,to-read (#200),to-read,,,,0,0
55867756,Messy Roots: A Graphic Memoir of a Wuhanese American,Laura Gao,"Gao, Laura",,"=""0063067773""","=""9780063067776""",5.0,HarperAlley,Hardcover,272,2022,2022,2025/05/23,2025/05/04,,,read,,,,1,0
12843717,The Letter Q: Queer Writers' Notes to their Younger Selves,Sarah Moon,"Moon, Sarah","James Lecesne, Armistead Maupin, Michael Cunningham, Jacqueline Woodson, Mayra Lazara Dole, Amy Bloom, Gregory Maguire, David Levithan, Rakesh Satyal, Eileen Myles, Jasika Nicole, Doug Wright, Stacey D'Erasmo, Jennifer Camper, Erik Orrantia, Brian Selznick, Malinda Lo, Richard McCann, Ali Liebegott, Linda Villarosa, Paul Rudnick, Eric Orner, Lucy Jane Bledsoe, Tony Valenzuela, Christopher  Rice, Jewelle Gomez, Bill Clegg, Erika Moen, David Leavitt, LaShonda Katrice Barnett, Howard Cruse, Michael DiMotta, Terrence McNally, Brent Hartinger, Susan Stinson, Marc Wolf, Julie Anne Peters, Lucy Knisley, Nick Burd, Paula Gilovich, Colman Domingo, Marion Dane Bauer, Lucy Thurber, Paige Braddock, Melanie Braverman, Michael Nava, Martin  Moran, Bruce Coville, Bill Wright","=""0545399327""","=""9780545399326""",0,Arthur A. Levine Books,Hardcover,281,2012,2012,,2025/05/22,to-read,to-read (#202),to-read,,,,0,0
54896940,"Sasaki and Miyano, Vol. 1",Shou Harusono,"Harusono, Shou",,"=""1975320336""","=""9781975320331""",0,Yen Press,Paperback,130,2021,2016,,2025/03/01,"to-read, graphic-novels","to-read (#114), graphic-novels (#10)",to-read,,,,0,0
52246066,Kind of a Big Deal,Shannon Hale,"Hale, Shannon",,"=""1250206235""","=""9781250206237""",0,Roaring Brook Press,Hardcover,304,2020,2020,,2025/04/21,to-read,to-read (#182),to-read,,,,0,0
200987258,Lula Dean's Little Library of Banned Books,Kirsten Miller,"Miller, Kirsten",,"=""0063348691""","=""9780063348691""",0,William Morrow,Hardcover,298,2024,2024,,2025/05/20,to-read,to-read (#199),to-read,,,,0,0
213197107,Better Than Revenge,Kasie West,"West, Kasie",,"=""0593643291""","=""9780593643297""",0,Delacorte Romance,Paperback,320,2024,2024,,2025/04/10,to-read,to-read (#173),to-read,,,,0,0
60121038,The Song of Us,Kate Fussner,"Fussner, Kate",,"=""0063256940""","=""9780063256941""",0,HarperCollins/Tegen,Hardcover,208,2023,2023,,2025/05/19,to-read,to-read (#198),to-read,,,,0,0
217126198,One of the Boys,Victoria Zeller,"Zeller, Victoria",,"=""164614533X""","=""9781646145331""",0,Levine Querido,Kindle Edition,330,2025,2025,,2025/05/19,to-read,to-read (#197),to-read,,,,0,0
58437862,Chef's Kiss,Jarrett Melendez,"Melendez, Jarrett","Danica Brine, Hank Jones, Hassan Otsmane-Elhaou","=""1620109042""","=""9781620109045""",3.0,Oni Press,Paperback,160,2022,2022,2025/05/15,2025/03/08,,,read,,,,1,0
34895950,"The Tea Dragon Society (Tea Dragon, #1)",K. O'Neill,"O'Neill, K.",,"=""1620104415""","=""9781620104415""",5.0,Oni Press,Hardcover,72,2017,2017,2025/05/14,2025/03/08,,,read,,,,1,0
199531917,"The Survivor Wants to Die at the End (They Both Die at the End, #2)",Adam Silvera,"Silvera, Adam",,"=""0063240858""","=""9780063240858""",5.0,Quill Tree Books,Hardcover,720,2025,2025,2025/05/12,2025/03/29,,,read,bro the ending 😭<br/><br/>,,,1,0
205761310,Mismatched: A Modern Graphic Retelling of Emma,Anne Camlin,"Camlin, Anne",Isadora Zeferino,"=""0316704105""","=""9780316704106""",0,"Little, Brown Ink",Paperback,264,2024,2024,,2025/02/02,"to-read, graphic-novels","to-read (#63), graphic-novels (#4)",to-read,,,,0,0
199532029,"Three Things About Emmy Crawford: A Type-A Senator's Daughter's Young Adult Journey of Debate, Crohn's Disease, and Heartbreak",Allison L. Bitz,"Bitz, Allison L.",,"=""006326675X""","=""9780063266759""",4.0,HarperCollins,Hardcover,352,2024,2024,2025/05/08,2024/12/18,,,read,,,,1,0
57732482,Twelfth Grade Night,Molly Horton Booth,"Booth, Molly Horton","Stephanie Kate Strohm, Jamie   Green","=""1368062393""","=""9781368062398""",5.0,Disney-Hyperion,Hardcover,160,2022,2022,2025/05/06,2024/12/18,,,read,,,,1,0
200388453,Fitting Indian,Jyoti  Chand,"Chand, Jyoti",Tara  Anand,"=""0063237539""","=""9780063237537""",0,HarperAlley,Paperback,288,2025,2025,,2025/05/04,"to-read, graphic-novels","to-read (#189), graphic-novels (#18)",to-read,,,,0,0
13455112,"Origin (Corpus, #1)",Jessica Khoury,"Khoury, Jessica",,"=""1595145958""","=""9781595145956""",0,Razorbill,Hardcover,395,2012,2012,,2025/05/04,to-read,to-read (#186),to-read,,,,0,0
58329296,"All That’s Left in the World (All That's Left in the World, #1)",Erik J. Brown,"Brown, Erik J.",,"=""0063054973""","=""9780063054974""",5.0,Storytide,Hardcover,345,2022,2022,2025/04/27,2024/12/18,,,read,,,,1,0
214269390,Love Points to You,Alice  Lin,"Lin, Alice",,"=""0593814827""","=""9780593814826""",4.0,Delacorte Romance,Paperback,320,2025,2025,2025/04/27,2025/03/30,,,read,,,,1,0
220174800,Daughter of Doom,Jean-Claude van Rijckeghem,"Rijckeghem, Jean-Claude van",,"=""1646145038""","=""9781646145034""",3.0,Levine Querido,Hardcover,408,2025,,2025/04/23,2025/03/26,,,read,"3.5<br/><br/>No character development, Yrsa and Job didnt get together, but other than that it was entertaining ",,,1,0
61896621,Northranger: A Modern Graphic Novel Retelling of Jane Austen's Northanger Abbey,Rey Terciero,"Terciero, Rey",Bre Indigo,"=""0063007398""","=""9780063007390""",0,HarperAlley,Hardcover,240,2023,2023,,2025/04/23,"to-read, graphic-novels","to-read (#184), graphic-novels (#17)",to-read,,,,0,0
199531795,I Shall Never Fall in Love,Hari Conner,"Conner, Hari",,"=""035868238X""","=""9780358682387""",0,HarperAlley,Paperback,288,2024,2024,,2025/03/11,"to-read, graphic-novels","to-read (#136), graphic-novels (#15)",to-read,,,,0,0
220908950,Flip: A Graphic Novel,Ngozi Ukazu,"Ukazu, Ngozi",,"=""1250179513""","=""9781250179517""",0,First Second,Hardcover,320,2025,2025,,2025/03/11,"to-read, graphic-novels","to-read (#134), graphic-novels (#14)",to-read,,,,0,0
42394599,The Magic Fish,Trung Le Nguyen,"Nguyen, Trung Le",,"=""""","=""""",0,Random House Graphic,Hardcover,256,2020,2020,,2025/03/08,"to-read, graphic-novels","to-read (#117), graphic-novels (#13)",to-read,,,,0,0
56986485,"Skip and Loafer, Vol. 1",Misaki Takamatsu,"Takamatsu, Misaki","Nicole Frasik, T. Campbell","=""1648275885""","=""9781648275883""",0,Seven Seas,Paperback,200,2021,2019,,2025/03/01,"to-read, graphic-novels","to-read (#116), graphic-novels (#12)",to-read,,,,0,0
219382790,ラブ・バレット 1 (LOVE-BULLET #1),INEE,"INEE, INEE",,"=""""","=""""",0,KADOKAWA,Kindle Edition,196,2024,2024,,2025/03/01,"to-read, graphic-novels","to-read (#112), graphic-novels (#8)",to-read,,,,0,0
212294563,"The Guy She Was Interested In Wasn't a Guy at All, Vol. 1",Sumiko Arai,"Arai, Sumiko",,"=""1975399684""","=""9781975399689""",0,Yen Press,Paperback,184,2024,2023,,2025/03/01,"to-read, graphic-novels","to-read (#111), graphic-novels (#7)",to-read,,,,0,0
210563250,"Sea Legs: A Graphic Novel (Sea Legs, #1)",Jules Bakes,"Bakes, Jules",Niki  Smith,"=""1338835882""","=""9781338835885""",0,Graphix,Hardcover,256,2025,2025,,2025/02/19,"to-read, graphic-novels","to-read (#79), graphic-novels (#5)",to-read,,,,0,0
221473277,Cry Out Loud,Tara O'Connor,"O'Connor, Tara",,"=""1984892398""","=""9781984892393""",0,Random House Graphic,Paperback,256,2025,,,2025/02/25,"to-read, graphic-novels","to-read (#96), graphic-novels (#6)",to-read,,,,0,0
60758246,"Four Eyes: A Graphic Novel (Four Eyes, #1)",Rex Ogle,"Ogle, Rex","Dave Valeza, Ash Szymanik","=""1338574973""","=""9781338574975""",0,Graphix,Hardcover,224,2023,2023,,2025/02/02,"to-read, graphic-novels","to-read (#57), graphic-novels (#3)",to-read,,,,0,0
50514218,"A Sign of Affection, Vol. 1 (A Sign of Affection, #1)",Suu Morishita,"Morishita, Suu",Christine Dashiell,"=""1646593383""","=""9781646593385""",0,Kodansha Comics,Kindle Edition,198,2020,2019,,2025/02/02,"to-read, graphic-novels","to-read (#56), graphic-novels (#2)",to-read,,,,0,0
61356477,The Moth Keeper,K. O'Neill,"O'Neill, K.",,"=""059318226X""","=""9780593182260""",0,Random House Graphic,Paperback,257,2023,2023,,2024/12/18,"to-read, graphic-novels","to-read (#25), graphic-novels (#1)",to-read,,,,0,0
50520939,"The Atlas Six (The Atlas, #1)",Olivie Blake,"Blake, Olivie",,"=""""","=""""",0,,Kindle Edition,376,2020,2020,,2024/12/18,"to-read, tik-tok-book","to-read (#27), tik-tok-book (#15)",to-read,,,,0,0
62047984,Yellowface,R.F. Kuang,"Kuang, R.F.",,"=""""","=""""",0,William Morrow,Paperback,319,2023,2023,,2025/02/02,"to-read, tik-tok-book","to-read (#64), tik-tok-book (#14)",to-read,,,,0,0
60784546,"Divine Rivals (Letters of Enchantment, #1)",Rebecca   Ross,"Ross, Rebecca",,"=""1250857430""","=""9781250857439""",0,Wednesday Books,Hardcover,368,2023,2023,,2024/12/18,"to-read, tik-tok-book","to-read (#38), tik-tok-book (#9)",to-read,,,,0,0
53968496,"The Prison Healer (The Prison Healer, #1)",Lynette Noni,"Noni, Lynette",,"=""0358434556""","=""9780358434559""",0,HarperCollins,Hardcover,416,2021,2021,,2025/02/02,"to-read, tik-tok-book","to-read (#51), tik-tok-book (#8)",to-read,,,,0,0
127305713,"Heartless Hunter (The Crimson Moth, #1)",Kristen Ciccarelli,"Ciccarelli, Kristen",,"=""1250866901""","=""9781250866905""",0,Wednesday Books,Hardcover,406,2024,2024,,2025/02/02,"to-read, tik-tok-book","to-read (#72), tik-tok-book (#7)",to-read,,,,0,0
213075476,"An Ember in the Ashes (An Ember in the Ashes, #1)",Sabaa Tahir,"Tahir, Sabaa",,"=""1595148043""","=""9781595148049""",0,G.P. Putnam’s Sons Books for Young Readers,Paperback,446,2016,2015,,2025/02/17,"to-read, tik-tok-book","to-read (#77), tik-tok-book (#6)",to-read,,,,0,0
28954189,"Scythe (Arc of a Scythe, #1)",Neal Shusterman,"Shusterman, Neal",,"=""""","=""""",0,Simon & Schuster Books for Young Readers,Hardcover,435,2016,2016,,2025/02/02,"to-read, tik-tok-book","to-read (#52), tik-tok-book (#4)",to-read,,,,0,0
23437156,"Six of Crows (Six of Crows, #1)",Leigh Bardugo,"Bardugo, Leigh",,"=""1627792120""","=""9781627792127""",0,Henry Holt & Company,Hardcover,465,2015,2015,,2025/03/13,"to-read, tik-tok-book","to-read (#151), tik-tok-book (#3)",to-read,,,,0,0
60408271,Everything Leads to You,Nina LaCour,"LaCour, Nina",,"=""""","=""""",0,Penguin Teen,Paperback,336,2022,2014,,2025/02/25,to-read,to-read (#99),to-read,,,,0,0
35553569,The Last Girl on Earth,Alexandra Blogier,"Blogier, Alexandra",,"=""0399552286""","=""9780399552281""",0,Delacorte Press,Library Binding,256,2035,2018,,2025/04/21,to-read,to-read (#181),to-read,,,,0,0
59237736,Bianca Torre Is Afraid of Everything,Justine Pucella Winans,"Winans, Justine Pucella",,"=""0358721644""","=""9780358721642""",0,Clarion,Hardcover,384,2023,2023,,2025/04/18,to-read,to-read (#180),to-read,,,,0,0
216180339,How to Survive a Slasher,Justine Pucella Winans,"Winans, Justine Pucella",,"=""1547616318""","=""9781547616312""",5.0,Bloomsbury YA,Hardcover,304,2025,2025,2025/04/18,2025/04/10,,,read,,,,1,0
62649027,Borrow My Heart,Kasie West,"West, Kasie",,"=""0593643267""","=""9780593643266""",0,Delacorte Press,Kindle Edition,281,2023,2023,,2025/04/18,to-read,to-read (#179),to-read,,,,0,0
60784841,She Is a Haunting,Trang Thanh Tran,"Tran, Trang Thanh",,"=""1547610816""","=""9781547610815""",0,Bloomsbury YA,Hardcover,352,2023,2023,,2025/04/17,to-read,to-read (#178),to-read,,,,0,0
58231777,"Twilight (The Twilight Saga, #1)",Stephenie Meyer,"Meyer, Stephenie",,"=""0316327336""","=""9780316327336""",4.0,"Little, Brown Books for Young Readers",Paperback,416,2022,2005,2025/04/14,2024/12/18,,,read,,,,1,0
214369383,Kirby's Lessons for Falling [in Love],Laura Gao,"Gao, Laura",,"=""006306779X""","=""9780063067790""",5.0,HarperAlley,Paperback,302,2025,2025,2025/04/12,2025/04/10,,,read,,,,1,0
211003894,They Bloom at Night,Trang Thanh Tran,"Tran, Trang Thanh",,"=""1547611111""","=""9781547611119""",0,Bloomsbury YA,Hardcover,262,2025,2025,,2025/04/12,to-read,to-read (#176),to-read,,,,0,0
199635094,(S)Kin,Ibi Zoboi,"Zoboi, Ibi",,"=""0062888870""","=""9780062888877""",0,Versify,Hardcover,400,2025,2025,,2025/04/10,to-read,to-read (#175),to-read,,,,0,0
210234399,"The Scorpion and the Night Blossom (The Three Realms, #1)",Amélie Wen Zhao,"Zhao, Amélie Wen",,"=""""","=""""",0,Penguin Random House,Hardcover,400,2025,2025,,2025/04/10,to-read,to-read (#174),to-read,,,,0,0
203332326,Here Goes Nothing,Emma K. Ohland,"Ohland, Emma K.",,"=""172848765X""","=""9781728487656""",0,Carolrhoda Lab,Hardcover,272,2024,2024,,2025/04/10,to-read,to-read (#172),to-read,,,,0,0
196408000,Wrong Answers Only,Tobias Madden,"Madden, Tobias",,"=""""","=""9798890030740""",0,Page Street YA,Hardcover,384,2024,2024,,2025/04/10,to-read,to-read (#171),to-read,,,,0,0
45306326,Stay Gold,Tobly McSmith,"McSmith, Tobly",,"=""0062943197""","=""9780062943194""",5.0,HarperTeen,Kindle Edition,361,2020,2020,2025/04/09,2024/12/18,,,read,,,,1,0
41212750,"The Loneliest Girl in the Universe: A YALSA Quick Pick and Twisty Sci-Fi Thriller about Catfishing, Trust, and Betrayal in Space",Lauren   James,"James, Lauren",Wren James,"=""0062660268""","=""9780062660268""",5.0,HarperCollins,Paperback,303,2019,2018,2025/04/03,2025/03/29,,,read,6 stars <br/><br/>I CANT WITH THIS BOOK IT WAS SO GOOD THAT IT TOOK ME THREE DAYS BC I COULDNT STAND THE THOUGHT OF FINISHING 😭😭😭<br/><br/>NEW FAVORITE BOOK ,,,1,0
200034641,Royal Valentine,Sariah Wilson,"Wilson, Sariah",,"=""""","=""""",3.0,Amazon Original Stories,Kindle Edition,70,2024,2024,2025/04/08,2025/03/13,,,read,,,,1,0
200034157,With Any Luck,Ashley Poston,"Poston, Ashley",,"=""166251980X""","=""9781662519802""",3.0,Amazon Original Stories,Kindle Edition,42,2024,2024,2025/04/08,2025/03/13,,,read,2.5,,,1,0
202074266,Seasick,Kristin Cast,"Cast, Kristin",Pintip Dunn,"=""0593649303""","=""9780593649305""",4.0,Delacorte Press,Hardcover,336,2024,2024,2025/03/31,2025/02/25,,,read,3.5,,,1,0
59736840,Mañana: Latinx Comics from the 25th Century,Joamette Gil,"Gil, Joamette","A. Cole, Fawn Prince, Alex Hernandez, Jemma Salume, Andres D. Bravo, Ashley Gallagher, Mar Julia, Desiree Rodriguez, Naomi Franquiz, H. Pueyo, Dante Luiz, Hernán Guarderas, Rosa Colón Guerra, Jamila Rowser, Maddi Gonzalez, John J. Perez, Beli de la Torre, Juliette G.M.M. Lopez, Julio Anta, Anastasia Longoria, Kat Fajardo, Kayla Moore, Yury Guzman, Leonardo Faierman, Richard Zela, Malka Ann Older, Gabriela Maria Palomo, Matias Julio, Fanfi, Omar Morales, Nic Touris, Paloma Hernando, Gabriela Gutiérrez, Rico Taveras, Lonnie Garcia, Ryan Estrada, Ana Hinojosa, Sylvia Artiga, Andrea Rosales, Taiyari, Terry Blas, Tristan J. Tarwater, Molly Mendoza, Victor Santiago, Rodrigo Reyes Rico, Mirelle Ortega","=""099849044X""","=""9780998490441""",4.0,Power and Magic Press,Hardcover,304,2021,2021,2025/03/24,2024/12/18,,,read,,,,1,0
55892582,Power & Magic Volume 2,Joamette Gil,"Gil, Joamette",,"=""""","=""""",5.0,Power & Magic Press,Paperback,200,2020,2020,2025/03/17,2024/12/18,,,read,4.5,,,1,0
200034606,"Worst Wingman Ever (Valentine's Day, #1)",Abby Jimenez,"Jimenez, Abby",,"=""166251963X""","=""9781662519635""",2.0,Amazon Original Stories,Kindle Edition,60,2024,2024,2025/03/15,2025/03/13,,,read,,,,1,0
200033357,The Exception to the Rule,Christina Lauren,"Lauren, Christina",,"=""1662519893""","=""9781662519895""",3.0,Amazon Original Stories,Kindle Edition,100,2024,2024,2025/03/13,2025/03/13,,,read,,,,1,0
52757974,"Spy x Family, Vol. 1",Tatsuya Endo,"Endo, Tatsuya","Casey Loe, Rina Mapa, Jimmy Presler","=""1974715469""","=""9781974715466""",5.0,VIZ Media LLC,Paperback,220,2020,2019,2025/03/30,2025/03/30,,,read,,,,1,0
40864907,The Kingdom,Jess Rothenberg,"Rothenberg, Jess",,"=""1250293855""","=""9781250293855""",0,Henry Holt and Co. (BYR),Hardcover,352,2019,2019,,2025/03/29,to-read,to-read (#168),to-read,,,,0,0
11544466,"Breathe (Breathe, #1)",Sarah Crossan,"Crossan, Sarah",,"=""0062118692""","=""9780062118691""",0,Greenwillow,Hardcover,373,2012,2012,,2025/03/29,to-read,to-read (#166),to-read,,,,0,0
27426044,"Nyxia (The Nyxia Triad, #1)",Scott Reintgen,"Reintgen, Scott",,"=""""","=""""",0,Crown Books for Young Readers,Kindle Edition,384,2017,2017,,2025/03/29,to-read,to-read (#165),to-read,,,,0,0
30075662,"Aurora Rising (The Aurora Cycle, #1)",Amie Kaufman,"Kaufman, Amie",Jay Kristoff,"=""1524720968""","=""9781524720964""",0,Knopf Books for Young Readers,Hardcover,473,2019,2019,,2025/03/29,to-read,to-read (#164),to-read,,,,0,0
41908418,When the Stars Lead to You,Ronni Davis,"Davis, Ronni",,"=""0316490709""","=""9780316490702""",0,"Little, Brown Books for Young Readers",Hardcover,400,2019,2019,,2025/03/29,to-read,to-read (#163),to-read,,,,0,0
58719175,Meet Me in Mumbai,Sabina Khan,"Khan, Sabina",,"=""1338749285""","=""9781338749281""",0,PUSH,Hardcover,352,2022,2022,,2025/03/28,to-read,to-read (#162),to-read,,,,0,0
43200209,Heartwood,Joamette Gil,"Gil, Joamette","Z. Akhmetova, Chlove, Diigii Daguna, Raven White, Brian Wolf, Xanthe Bouma, Mar Julia, ABV/Super, Orion, Ver, Rii Abrego, Corey Ranson, Juliette G.M.M. Lopez, S.J.   Miller, Cori Walters, Lee Lai, Polly Guo, Sunny Ôchumuk, Vivian Ho, Shaina Lu, Emily Madly, Maria Li, Ashanti Fortson, Rhiannon Rasmussen, Chan Chau, Sunmi, Ezra Rose, Jey Barnes","=""0998490423""","=""9780998490427""",5.0,Power & Magic Press,Hardcover,282,2019,2019,2025/03/27,2024/12/18,,,read,,,,1,0
214151846,"Oddity Woods (Oddity Woods, #1)",Kay Davault,"Davault, Kay",,"=""1665915838""","=""9781665915830""",5.0,Atheneum Books for Young Readers,Paperback,384,2025,2025,2025/03/25,2025/03/25,,,read,,,,1,0
220161455,Space Case the Graphic Novel (Moon Base Alpha the Graphic Novel),Stuart Gibbs,"Gibbs, Stuart",Ward Jenkins,"=""1665934808""","=""9781665934800""",5.0,Simon & Schuster Books for Young Readers,Hardcover,352,2025,2025,2025/03/16,2025/02/25,,,read,,,,1,0
53431508,We Are Satellites,Sarah Pinsker,"Pinsker, Sarah",,"=""1984802607""","=""9781984802606""",0,Penguin Publishing Group,Paperback,378,2021,2021,,2025/03/15,to-read,to-read (#159),to-read,,,,0,0
20312458,Tell Me Again How a Crush Should Feel,Sara Farizan,"Farizan, Sara",,"=""161620284X""","=""9781616202842""",0,"Little, Brown Books for Young Readers",Hardcover,304,2014,2014,,2025/03/15,to-read,to-read (#158),to-read,,,,0,0
54860614,Ariadne,Jennifer Saint,"Saint, Jennifer",,"=""125077358X""","=""9781250773586""",0,Flatiron Books,Hardcover,308,2021,2021,,2025/03/15,to-read,to-read (#157),to-read,,,,0,0
22733729,"The Long Way to a Small, Angry Planet (Wayfarers, #1)",Becky Chambers,"Chambers, Becky",,"=""1500453307""","=""9781500453305""",0,CreateSpace Independent Publishing Platform ,Paperback,518,2014,2014,,2025/03/15,to-read,to-read (#156),to-read,,,,0,0
61863408,Five Survive,Holly  Jackson,"Jackson, Holly",,"=""0593374185""","=""9780593374184""",5.0,Delacorte Press,Kindle Edition,388,2022,2022,2025/01/21,2025/01/23,,,read,,,,1,0
18189606,Since You've Been Gone,Morgan Matson,"Matson, Morgan",,"=""1442435003""","=""9781442435001""",0,Simon & Schuster,Hardcover,449,2014,2014,,2025/03/13,to-read,to-read (#155),to-read,,,,0,0
18584855,Heartless,Marissa Meyer,"Meyer, Marissa",,"=""1250044650""","=""9781250044655""",0,Feiwel & Friends,Hardcover,453,2016,2016,,2025/03/13,to-read,to-read (#150),to-read,,,,0,0
20262705,A New Dawn (Star Wars),John Jackson Miller,"Miller, John Jackson",Dave Filoni,"=""0553392867""","=""9780553392869""",0,Del Rey,Hardcover,367,2014,2014,,2025/03/13,to-read,to-read (#149),to-read,,,,0,0
25733885,Bloodline (Star Wars),Claudia Gray,"Gray, Claudia",,"=""0345511360""","=""9780345511362""",0,Del Rey,Hardcover,332,2016,2016,,2025/03/13,to-read,to-read (#148),to-read,,,,0,0
17262173,Kenobi (Star Wars),John Jackson Miller,"Miller, John Jackson",,"=""0345546830""","=""9780345546838""",0,Del Rey,Hardcover,362,2013,2013,,2025/03/13,to-read,to-read (#147),to-read,,,,0,0
216879705,Never Thought I'd End Up Here,Ann Liang,"Liang, Ann",,"=""1546110674""","=""9781546110675""",0,Scholastic Press,Hardcover,320,2025,2025,,2025/03/13,to-read,to-read (#146),to-read,,,,0,0
56706019,"Every Word You Never Said (Noahverse, #3)",Jordon Greene,"Greene, Jordon",,"=""""","=""""",0,F/K Teen,Kindle Edition,417,2022,2022,,2025/03/12,to-read,to-read (#144),to-read,,,,0,0
211399791,All the Love Under the Vast Sky,Kip Wilson,"Wilson, Kip","David Bowles, Melanie Crowder, Margarita Engle, Eric Gansworth, Robin Gow, Mariama J. Lockington, Laura Ruby, Padma Venkatraman, Jasmine Warga, Charles Waters","=""0593625277""","=""9780593625279""",0,Nancy Paulsen Books,Hardcover,304,2025,2025,,2025/03/11,to-read,to-read (#142),to-read,,,,0,0
213243938,"It's All or Nothing, Vale",Andrea Beatriz Arango,"Arango, Andrea Beatriz",,"=""0593810929""","=""9780593810927""",0,Random House Books for Young Readers,Hardcover,272,2025,2025,,2025/03/11,to-read,to-read (#141),to-read,,,,0,0
203751793,The Secret War of Julia Child,Diana R. Chambers,"Chambers, Diana R.",,"=""1464219044""","=""9781464219047""",0,Sourcebooks Landmark,Paperback,389,2024,2024,,2025/03/11,to-read,to-read (#138),to-read,,,,0,0
62314270,In the Tunnel,Julie  Lee,"Lee, Julie",,"=""0823450392""","=""9780823450398""",0,Holiday House,Hardcover,304,2023,2023,,2025/03/11,to-read,to-read (#132),to-read,,,,0,0
59806035,Attack of the Black Rectangles,Amy Sarig King,"King, Amy Sarig",,"=""1338680528""","=""9781338680522""",0,Scholastic Press,Hardcover,258,2022,2022,,2025/03/11,to-read,to-read (#131),to-read,,,,0,0
52766407,"Today Tonight Tomorrow (Rowan & Neil, #1)",Rachel Lynn Solomon,"Solomon, Rachel Lynn",,"=""1534440240""","=""9781534440241""",0,Simon Pulse,Hardcover,364,2020,2020,,2025/03/11,to-read,to-read (#128),to-read,,,,0,0
58437816,Turning,Joy L. Smith,"Smith, Joy L.",,"=""1534495827""","=""9781534495821""",0,Denene Millner Books/Simon & Schuster Books for Young Readers,Hardcover,352,2022,2022,,2025/03/11,to-read,to-read (#127),to-read,,,,0,0
35297469,Starry Eyes,Jenn Bennett,"Bennett, Jenn",,"=""148147880X""","=""9781481478809""",0,Simon & Schuster Books for Young Readers,Hardcover,421,2018,2018,,2025/03/11,to-read,to-read (#126),to-read,,,,0,0
59042752,Love Radio,Ebony LaDelle,"LaDelle, Ebony",,"=""1665908157""","=""9781665908153""",0,Simon & Schuster Books for Young Readers,Hardcover,320,2022,2022,,2025/03/11,to-read,to-read (#125),to-read,,,,0,0
50892004,A Cuban Girl's Guide to Tea and Tomorrow,Laura Taylor Namey,"Namey, Laura Taylor",,"=""1534471243""","=""9781534471245""",0,Atheneum Books for Young Readers,Hardcover,308,2020,2020,,2025/03/11,to-read,to-read (#124),to-read,,,,0,0
42202063,"Kings, Queens, and In-Betweens",Tanya Boteju,"Boteju, Tanya",,"=""1534430652""","=""9781534430655""",0,Simon & Schuster Books for Young Readers,Hardcover,374,2019,2019,,2025/03/11,to-read,to-read (#123),to-read,,,,0,0
50202540,I Killed Zoe Spanos,Kit Frick,"Frick, Kit",,"=""1534449701""","=""9781534449701""",0,Margaret K. McElderry Books,Hardcover,384,2020,2020,,2025/03/11,to-read,to-read (#122),to-read,,,,0,0
48715063,Diary of a Confused Feminist,Kate Weston,"Weston, Kate",,"=""1444955047""","=""9781444955040""",0,Hodder Children's Books,Paperback,384,2020,2020,,2025/03/11,to-read,to-read (#121),to-read,,,,0,0
13623848,The Song of Achilles,Madeline Miller,"Miller, Madeline",,"=""""","=""""",4.0,Ecco,Paperback,408,2012,2011,2025/03/11,2024/12/18,,,read,,,,1,0
58543752,Out There: Into the Queer New Yonder – A Young Adult Sci Fi Anthology of LGBTQ+ Speculative Fiction,Saundra Mitchell,"Mitchell, Saundra","Alex London, Mato J. Steger, Claire Kann, Emma K. Ohland, Z.R. Ellor, Nita Tyndall, Adam Sass, Kalynn  Bayron, Z Brewer, Jim McCarthy, Naomi Kanakia, Mason Deaver, Alechia Dow, Abdi Nazemian, K. Ancrum, Ugochi M. Agoawike, Leah  Johnson","=""1335425896""","=""9781335425898""",0,Inkyard Press,Hardcover,464,2022,2022,,2025/03/08,to-read,to-read (#118),to-read,,,,0,0
36555675,Immortal Souls,Joamette Gil,"Gil, Joamette","Amber Huff, Ani Mackie, Ayanni C. Hanna, Clara Emiliana, Francis Quintero, Lira Kraunik, Melanie Tingdahl, Nyka, Patdag, Sonia Liao, Sunny Ôchumuk, Yeon Kyung Cha","=""0998490415""","=""9780998490410""",4.0,P&M Press,Paperback,120,2018,2018,2025/03/07,2024/12/18,,,read,,,,1,0
214274182,Banned Together: Our Fight for Readers' Rights,Ashley Hope Pérez,"Pérez, Ashley Hope","Debbie Fong, Elana K. Arnold, Nikki Grimes, Ellen Hopkins, Kelly Jensen, Brendan Kiely, Maia Kobabe, Bill Konigsberg, Kyle Lukoff, MariNaomi, Trung Le Nguyen, Isabel Quintero, Traci Sorell, Robin Stevenson, Padma Venkatraman","=""082345830X""","=""9780823458301""",5.0,Holiday House,Hardcover,294,2025,2025,2025/03/08,2025/01/19,,,read,,,,1,0
33403762,Power & Magic: The Queer Witch Comics Anthology,Joamette Gil,"Gil, Joamette","Aatmaja Pandya, Ann Xu, Arianne Hokoki, Coco Candelario, Devaki Neogi, Fydbac, Gabrielle   Robinson, Hannah Lazarte, Jemma Salume, Juliette G.M.M. Lopez, Maria Alejandra Llorens, Naomi Franquiz, Natasha L. Barredo, Nivedita Sekar, Veronica  Agarwal, Vexingly Yours","=""0998490407""","=""9780998490403""",5.0,P&M Press,Paperback,178,2017,2017,2025/03/06,2025/03/07,,,read,,,,1,0
214325854,Besties: Prank War (The World of Click #3),Kayla  Miller,"Miller, Kayla","Jeffrey Canino, Sarah Turner","=""0063285592""","=""9780063285590""",4.0,Clarion Books,Paperback,224,2025,2025,2025/03/08,2025/03/07,,,read,,,,1,0
60054354,Death Note Short Stories,Tsugumi Ohba,"Ohba, Tsugumi",,"=""1974732762""","=""9781974732760""",4.0,VIZ Media: SHONEN JUMP,Kindle Edition,226,2022,2021,2025/03/07,2025/03/07,,,read,,,,1,0
445046,"Death Note, Vol. 12: Finis (Death Note, #12)",Tsugumi Ohba,"Ohba, Tsugumi","Takeshi Obata, Tetsuichiro Miyaki","=""1421513277""","=""9781421513270""",5.0,VIZ Media LLC,Paperback,216,2007,2006,2025/03/03,2025/03/06,,,read,,,,1,0
13623,"Death Note, Vol. 10: Deletion (Death Note, #10)",Tsugumi Ohba,"Ohba, Tsugumi","Takeshi Obata, Tetsuichiro Miyaki","=""142151155X""","=""9781421511559""",3.0,VIZ Media LLC,Paperback,188,2007,2006,2025/03/03,2025/03/05,,,read,,,,1,0
13622,"Death Note, Vol. 9: Contact (Death Note, #9)",Tsugumi Ohba,"Ohba, Tsugumi","Takeshi Obata, Tetsuichiro Miyaki","=""1421506300""","=""9781421506302""",3.0,VIZ Media LLC,Paperback,208,2007,2005,2025/03/22,2025/03/05,,,read,,,,1,0
13614,"Death Note, Vol. 8: Target (Death Note, #8)",Tsugumi Ohba,"Ohba, Tsugumi","Takeshi Obata, Tetsuichiro Miyaki","=""1421506297""","=""9781421506296""",3.0,VIZ Media LLC,Paperback,208,2006,2005,2025/03/22,2025/03/05,,,read,,,,1,0
20407192,"Death Note, Vol. 11: Kindred Spirit",Tsugumi Ohba,"Ohba, Tsugumi",Takeshi Obata,"=""""","=""""",3.0,VIZ Media: SHONEN JUMP ADVANCED,Kindle Edition,216,2011,2006,2025/03/05,2025/03/05,,,read,,,,1,0
217223413,Stuck (Click #7),Kayla  Miller,"Miller, Kayla",,"=""0063285657""","=""9780063285651""",5.0,Clarion Books,Paperback,224,2025,,2025/02/25,2025/02/25,,,read,,,,1,0
51932743,What I Like About You,Marisa Kanter,"Kanter, Marisa",,"=""1534445773""","=""9781534445772""",0,Simon & Schuster Books for Young Readers,Hardcover,409,2020,2020,,2025/02/25,to-read,to-read (#110),to-read,,,,0,0
43249420,As If on Cue,Marisa Kanter,"Kanter, Marisa",,"=""153444582X""","=""9781534445826""",0,Simon & Schuster Books for Young Readers,Kindle Edition,352,2021,2021,,2025/02/25,to-read,to-read (#109),to-read,,,,0,0
198902257,The White Guy Dies First: 13 Scary Stories of Fear and Power,Terry J. Benton-Walker,"Benton-Walker, Terry J.","Faridah Àbíké-Íyímídé, Kalynn  Bayron, Kendare Blake, H.E. Edgmon, Lamar Giles, Chloe Gong, Alexis  Henderson, Tiffany D. Jackson, Adiba Jaigirdar, Naseem Jamnia, Karen Strong, Mark Oshiro","=""1250861268""","=""9781250861269""",0,Tor Teen,Hardcover,320,2024,2024,,2025/02/25,to-read,to-read (#108),to-read,,,,0,0
139506177,My Fair Brady,Brian D. Kennedy,"Kennedy, Brian D.",,"=""0063085712""","=""9780063085718""",0,HarperCollins,Hardcover,352,2024,2024,,2025/02/25,to-read,to-read (#107),to-read,,,,0,0
171926664,Sparks Fly,Birdie Lynn,"Lynn, Birdie",,"=""1736741462""","=""9781736741467""",0,Counterpoise Press,Paperback,284,2023,,,2025/02/25,to-read,to-read (#106),to-read,,,,0,0
53066661,The Falling in Love Montage,Ciara Smyth,"Smyth, Ciara",,"=""0062957112""","=""9780062957115""",0,HarperTeen,Hardcover,368,2020,2020,,2025/02/25,to-read,to-read (#105),to-read,,,,0,0
209784194,Influencer,Adam Cesare,"Cesare, Adam",,"=""1454954248""","=""9781454954248""",0,Union Square & Co.,Paperback,368,2024,2024,,2025/02/25,to-read,to-read (#104),to-read,,,,0,0
218408594,"Fate, Coincidence, and Other Curse Words",Kenneth  Creech,"Creech, Kenneth",,"=""1947012703""","=""9781947012707""",0,Balance of Seven,Paperback,328,2024,,,2025/02/25,to-read,to-read (#103),to-read,,,,0,0
198688449,Moonstorm (Moonstorm #1),Yoon Ha Lee,"Lee, Yoon Ha",,"=""0593488334""","=""9780593488331""",0,Delacorte Press,Hardcover,352,2024,2024,,2025/02/25,to-read,to-read (#98),to-read,,,,0,0
61885082,Girls Like Girls,Hayley Kiyoko,"Kiyoko, Hayley",,"=""1250817633""","=""9781250817631""",0,Wednesday Books,Hardcover,320,2023,2023,,2025/02/25,to-read,to-read (#95),to-read,,,,0,0
206009955,What Is This Feeling?,Robby Weber,"Weber, Robby",,"=""1335009957""","=""9781335009951""",0,HarperCollins US,Hardcover,432,2024,2024,,2025/02/25,to-read,to-read (#93),to-read,,,,0,0
222322285,Sugar Crash (Orca Soundings),Melinda Di Lorenzo,"Lorenzo, Melinda Di",,"=""1459840240""","=""9781459840249""",5.0,Orca Book Publishers,Paperback,128,2025,,2025/02/23,2025/02/25,,,read,,,,1,0
195267496,Star Wars:  The Living Force,John Jackson Miller,"Miller, John Jackson",,"=""0593597958""","=""9780593597958""",0,Random House Worlds,Hardcover,432,2024,2024,,2025/02/21,to-read,to-read (#82),to-read,,,,0,0
219490055,Padawan's Pride (Star Wars),Bryan Q. Miller,"Miller, Bryan Q.",Kevin Kemp,"=""""","=""""",0,Audible Originals,Audible Audio,,2024,2024,,2025/02/21,to-read,to-read (#81),to-read,,,,0,0
59410591,Star Wars: Brotherhood,Mike Chen,"Chen, Mike",,"=""0593358589""","=""9780593358580""",0,Random House Worlds,Kindle Edition,333,2022,2022,,2025/02/21,to-read,to-read (#80),to-read,,,,0,0
215749025,"To Steal from Thieves (Thieves & Kings, #1)",M.K. Lobb,"Lobb, M.K.",,"=""0316575488""","=""9780316575485""",3.0,"Little, Brown Books for Young Readers",Hardcover,400,2025,2025,2025/02/20,2024/12/18,,,read,,,,1,0
176530098,A Game of Noctis,Deva Fagan,"Fagan, Deva",,"=""1665930217""","=""9781665930215""",0,Atheneum Books for Young Readers,Kindle Edition,317,2024,2024,,2025/02/19,to-read,to-read (#78),to-read,,,,0,0
123025958,Thin Air,Kellie M. Parker,"Parker, Kellie M.",,"=""0593526007""","=""9780593526002""",0,Razorbill,Hardcover,320,2023,2023,,2025/02/17,to-read,to-read (#76),to-read,,,,0,0
122765708,"The Last Bloodcarver (The Last Bloodcarver, #1)",Vanessa Le,"Le, Vanessa",,"=""1250881528""","=""9781250881526""",0,Roaring Brook Press,Hardcover,384,2024,2024,,2025/02/17,to-read,to-read (#75),to-read,,,,0,0
214152049,As You Wish,Nashae Jones,"Jones, Nashae",,"=""1665939915""","=""9781665939911""",0,Aladdin,Hardcover,272,2025,2025,,2025/02/14,to-read,to-read (#74),to-read,,,,0,0
31449227,Ramona Blue,Julie   Murphy,"Murphy, Julie",,"=""0062418351""","=""9780062418357""",0,Storytide,Hardcover,408,2017,2017,,2025/02/06,to-read,to-read (#73),to-read,,,,0,0
61753288,"Can't Spell Treason Without Tea (Tomes & Tea, #1)",Rebecca Thorne,"Thorne, Rebecca",,"=""""","=""9798986692401""",0,,ebook,388,2022,2024,,2025/02/02,to-read,to-read (#71),to-read,,,,0,0
45422533,Jelly,Clare Rees,"Rees, Clare",,"=""1912626292""","=""9781912626298""",0,Chicken House Ltd,Paperback,336,2019,2019,,2025/02/02,to-read,to-read (#70),to-read,,,,0,0
16143347,We Were Liars,E. Lockhart,"Lockhart, E.",,"=""0385741278""","=""9780385741279""",0,Delacorte Press,Paperback,320,2018,2014,,2025/02/02,to-read,to-read (#68),to-read,,,,0,0
55586848,Thirst,Varsha Bajaj,"Bajaj, Varsha",,"=""0593354397""","=""9780593354391""",0,Nancy Paulsen Books,Hardcover,192,2022,2022,,2025/02/02,to-read,to-read (#67),to-read,,,,0,0
63247349,We Still Belong: A Heartfelt Middle Grade Story About Finding Your Place in the Native Community for Kids (Ages 8-12),Christine  Day,"Day, Christine",,"=""0063064561""","=""9780063064560""",0,Heartdrum,Hardcover,256,2023,2023,,2025/02/02,to-read,to-read (#66),to-read,,,,0,0
54738255,If This Gets Out,Sophie Gonzales,"Gonzales, Sophie",Cale Dietrich,"=""1250805805""","=""9781250805805""",0,Wednesday Books,Hardcover,404,2021,2021,,2025/02/02,to-read,to-read (#65),to-read,,,,0,0
52380340,"The Extraordinaries (The Extraordinaries, #1)",T.J. Klune,"Klune, T.J.",,"=""1250203651""","=""9781250203656""",0,Tor Teen,Hardcover,405,2020,2020,,2025/02/02,to-read,to-read (#62),to-read,,,,0,0
209831392,"The Last Raven (The Ravens, #1)",Helen Glynn Jones,"Jones, Helen Glynn",,"=""0008695407""","=""9780008695408""",0,One More Chapter,Paperback,384,2025,2024,,2025/02/02,to-read,to-read (#60),to-read,,,,0,0
75302266,"A Study in Drowning (A Study in Drowning, #1)",Ava Reid,"Reid, Ava",,"=""0063211505""","=""9780063211506""",0,HarperTeen,Hardcover,378,2023,2023,,2025/02/02,to-read,to-read (#58),to-read,,,,0,0
13335037,"Divergent (Divergent, #1)",Veronica Roth,"Roth, Veronica",,"=""0062024035""","=""9780062024039""",0,Katherine Tegen Books,Paperback,487,2012,2011,,2025/02/02,to-read,to-read (#55),to-read,,,,0,0
41473872,"I Wish You All the Best (I Wish You All the Best, #1)",Mason Deaver,"Deaver, Mason",,"=""""","=""""",0,Push,Hardcover,329,2019,2019,,2025/02/02,to-read,to-read (#54),to-read,,,,0,0
26156987,If I Was Your Girl,Meredith Russo,"Russo, Meredith",,"=""1250078407""","=""9781250078407""",0,Flatiron Books,Hardcover,280,2016,2016,,2025/02/02,to-read,to-read (#53),to-read,,,,0,0
177721395,Louder Than Hunger,John Schu,"Schu, John",,"=""1536229091""","=""9781536229097""",0,Candlewick Press,Hardcover,528,2024,2024,,2025/02/02,to-read,to-read (#50),to-read,,,,0,0
34483924,Roots,Tara O'Connor,"O'Connor, Tara",,"=""1603094172""","=""9781603094177""",4.0,Top Shelf Productions,Paperback,152,2017,2015,2025/02/02,2025/02/02,,,read,,,,1,0
61779965,Shiny Misfits: A Graphic Novel,Maysoon Zayid,"Zayid, Maysoon",Shadia Amin,"=""1338752502""","=""9781338752502""",3.0,Graphix,Paperback,250,2024,2024,2025/01/29,2024/12/18,,,read,,,,1,0
209439446,"Onyx Storm (The Empyrean, #3)",Rebecca Yarros,"Yarros, Rebecca",,"=""1649374186""","=""9781649374189""",4.0,Red Tower Books,Hardcover,544,2025,2025,2025/01/29,2025/01/29,,,read,,,,1,0
62802781,Inquisitor: Rise of the Red Blade (Star Wars),Delilah S. Dawson,"Dawson, Delilah S.",,"=""059359858X""","=""9780593598580""",5.0,Random House Worlds,Hardcover,343,2023,2023,2025/01/11,2024/12/18,,,read,,,,1,0
43822323,Marley,Jon Clinch,"Clinch, Jon",,"=""1982129700""","=""9781982129705""",4.0,Atria Books,Hardcover,288,2019,2019,2025/01/19,2024/12/18,,,read,,,,1,0
60784489,"Mistborn: The Final Empire (The Mistborn Saga, #1)",Brandon Sanderson,"Sanderson, Brandon",,"=""1250868289""","=""9781250868282""",5.0,Tor Books,Paperback,534,2023,2006,2025/01/06,2025/01/12,,,read,,,,1,0
203578730,A Song to Drown Rivers,Ann Liang,"Liang, Ann",,"=""1250289467""","=""9781250289469""",0,St. Martin's Press,Hardcover,325,2024,2024,,2024/12/18,to-read,to-read (#41),to-read,,,,0,0
36341204,"What If It's Us (What If It's Us, #1)",Becky Albertalli,"Albertalli, Becky",Adam Silvera,"=""0062795252""","=""9780062795250""",0,HarperCollins,Hardcover,448,2018,2018,,2024/12/18,to-read,to-read (#35),to-read,,,,0,0
57042323,Ab(solutely) Normal: Short Stories That Smash Mental Health Stereotypes,Nora Shalaway Carpenter,"Carpenter, Nora Shalaway","Rocky Callen, Nikki Grimes, Sonia Patel, Marcella Pixley, Ebony Stewart, Francisco X. Stork, Isabel Quintero, Alechia Dow, Anna Drury, Mercedes Acosta, Karen Jialu Bao, James Bird, Patrick Downes, Val Howlett, Jonathan Lenore Kastin","=""1536224146""","=""9781536224146""",0,Candlewick Press,Hardcover,336,2023,2023,,2024/12/18,to-read,to-read (#34),to-read,,,,0,0
44767458,"Dune (Dune, #1)",Frank Herbert,"Herbert, Frank",,"=""059309932X""","=""9780593099322""",0,Ace,Hardcover,658,2019,1965,,2024/12/18,to-read,to-read (#33),to-read,,,,0,0
20893495,Tell Me,Joan Bauer,"Bauer, Joan",,"=""0451470338""","=""9780451470331""",0,Viking Books for Young Readers,Hardcover,272,2014,2014,,2024/12/18,to-read,to-read (#32),to-read,,,,0,0
29010395,I Am Not Your Perfect Mexican Daughter,Erika L. Sánchez,"Sánchez, Erika L.",,"=""1524700487""","=""9781524700485""",0,Knopf Books for Young Readers,Hardcover,344,2017,2017,,2024/12/18,to-read,to-read (#30),to-read,,,,0,0
40580686,"War Girls (War Girls, #1)",Tochi Onyebuchi,"Onyebuchi, Tochi",,"=""0451481674""","=""9780451481672""",0,Razorbill,Hardcover,451,2019,2019,,2024/12/18,to-read,to-read (#29),to-read,,,,0,0
43568395,"Pet (Pet, #1)",Akwaeke Emezi,"Emezi, Akwaeke",,"=""0525647074""","=""9780525647072""",0,Make Me a World,Hardcover,208,2019,2019,,2024/12/18,to-read,to-read (#28),to-read,,,,0,0
51260845,The Obsession,Jesse Q. Sutanto,"Sutanto, Jesse Q.",,"=""1728215161""","=""9781728215167""",0,Sourcebooks Fire,Paperback,309,2021,2021,,2024/12/18,to-read,to-read (#26),to-read,,,,0,0
50160619,You Should See Me in a Crown,Leah  Johnson,"Johnson, Leah",,"=""""","=""""",0,Scholastic Press,Hardcover,336,2020,2020,,2024/12/18,to-read,to-read (#24),to-read,,,,0,0
40851643,If It Makes You Happy,Claire Kann,"Kann, Claire",,"=""1250192676""","=""9781250192677""",0,Swoon Reads,Hardcover,340,2019,2019,,2024/12/18,to-read,to-read (#23),to-read,,,,0,0
54860605,"Tokyo Ever After (Tokyo Ever After, #1)",Emiko Jean,"Jean, Emiko",,"=""""","=""""",0,Flatiron Books,Hardcover,336,2021,2021,,2024/12/18,to-read,to-read (#21),to-read,,,,0,0
52411049,The Dark Tide,Alicia Jasinska,"Jasinska, Alicia",,"=""1728209986""","=""9781728209982""",0,Sourcebooks Fire,Hardcover,336,2020,2020,,2024/12/18,to-read,to-read (#20),to-read,,,,0,0
55004121,An Emotion of Great Delight,Tahereh Mafi,"Mafi, Tahereh",,"=""0062972413""","=""9780062972415""",0,Storytide,Hardcover,248,2021,2021,,2024/12/18,to-read,to-read (#19),to-read,,,,0,0
38720939,A Very Large Expanse of Sea,Tahereh Mafi,"Mafi, Tahereh",,"=""0062866567""","=""9780062866561""",0,HarperTeen,Hardcover,310,2018,2018,,2024/12/18,to-read,to-read (#18),to-read,,,,0,0
35297380,American Panda,Gloria Chao,"Chao, Gloria",,"=""1481499106""","=""9781481499101""",0,Simon & Schuster Books for Young Readers,Hardcover,311,2018,2018,,2024/12/18,to-read,to-read (#17),to-read,,,,0,0
44771324,The Knockout,Sajni Patel,"Patel, Sajni",S.A. Patel,"=""""","=""""",0,Flux,Hardcover,360,2021,2021,,2024/12/18,to-read,to-read (#16),to-read,,,,0,0
59066127,Happily Ever Island,Crystal Cestari,"Cestari, Crystal",,"=""1368075479""","=""9781368075473""",0,Disney Hyperion,Hardcover,336,2022,2022,,2024/12/18,to-read,to-read (#15),to-read,,,,0,0
60758289,Rosewood: A Midsummer Meet Cute,Sayantani DasGupta,"DasGupta, Sayantani",,"=""1338797727""","=""9781338797725""",0,Scholastic Press,Hardcover,320,2023,2023,,2024/12/18,to-read,to-read (#14),to-read,,,,0,0
55100346,Not My Problem,Ciara Smyth,"Smyth, Ciara",,"=""0062957147""","=""9780062957146""",0,HarperCollins,Hardcover,368,2021,2021,,2024/12/18,to-read,to-read (#12),to-read,,,,0,0
180634069,Four Eids and a Funeral,Faridah Àbíké-Íyímídé,"Àbíké-Íyímídé, Faridah",Adiba Jaigirdar,"=""1250890144""","=""9781250890146""",0,Feiwel & Friends,Kindle Edition,320,2024,2024,,2024/12/18,to-read,to-read (#10),to-read,,,,0,0
56921877,A Million to One,Adiba Jaigirdar,"Jaigirdar, Adiba",,"=""0062916378""","=""9780062916372""",0,HarperCollins,Kindle Edition,367,2022,2022,,2024/12/18,to-read,to-read (#9),to-read,,,,0,0
49399658,Counting Down with You,Tashie Bhuiyan,"Bhuiyan, Tashie",,"=""1335209972""","=""9781335209979""",0,Inkyard Press,Hardcover,464,2021,2021,,2024/12/18,to-read,to-read (#6),to-read,,,,0,0
51236251,Ironspark,C.M. McGuire,"McGuire, C.M.",,"=""1250245265""","=""9781250245267""",0,Swoon Reads,Hardcover,336,2020,2020,,2024/12/18,to-read,to-read (#5),to-read,,,,0,0
62926942,Always Isn't Forever,J.C. Cervantes,"Cervantes, J.C.",Jennifer Cervantes,"=""0593404483""","=""9780593404485""",0,Razorbill,Hardcover,384,2023,2023,,2024/12/18,to-read,to-read (#3),to-read,,,,0,0
45419339,Rent a Boyfriend,Gloria Chao,"Chao, Gloria",,"=""1534462473""","=""9781534462472""",0,Simon & Schuster Books for Young Readers,Kindle Edition,400,2020,2020,,2024/12/18,to-read,to-read (#2),to-read,,,,0,0
